ax,ay,az,gx,gy,gz,recording
0.8804399967193604,0.41150999069213867,-9.742259979248047,0.32374998927116394,0.008750000037252903,-0.10500000417232513,1
0.8421599864959717,0.4019399881362915,-9.7039794921875,0.3149999976158142,0.017500000074505806,-0.16625000536441803,1
0.8421599864959717,0.4019399881362915,-9.751830101013184,0.3062500059604645,0.04374999925494194,-0.1574999988079071,1
0.8708699941635132,0.4019399881362915,-9.742259979248047,0.2537499964237213,0.09624999761581421,-0.13124999403953552,1
0.8230199813842773,0.41150999069213867,-9.76140022277832,0.2887499928474426,-0.04374999925494194,-0.13124999403953552,1
0.8134499788284302,0.41150999069213867,-9.73268985748291,0.24500000476837158,-0.09624999761581421,-0.08749999850988388,1
0.8708699941635132,0.4402199983596802,-9.73268985748291,0.29750001430511475,-0.026250001043081284,-0.11375000327825546,1
0.8708699941635132,0.41150999069213867,-9.73268985748291,0.29750001430511475,0.008750000037252903,-0.14875000715255737,1
0.8421599864959717,0.38279998302459717,-9.73268985748291,0.33250001072883606,0.03500000014901161,-0.17499999701976776,1
0.8804399967193604,0.37322998046875,-9.77096939086914,0.3149999976158142,0.017500000074505806,-0.13124999403953552,1
0.8804399967193604,0.430649995803833,-9.780539512634277,0.32374998927116394,0.05250000208616257,-0.10500000417232513,1
0.8900099992752075,0.41150999069213867,-9.742259979248047,0.23624999821186066,0.04374999925494194,-0.12250000238418579,1
0.8325899839401245,0.39236998558044434,-9.713549613952637,0.23624999821186066,0.0,-0.1837500035762787,1
0.8325899839401245,0.4019399881362915,-9.751830101013184,0.2537499964237213,-0.03500000014901161,-0.10500000417232513,1
0.8804399967193604,0.41150999069213867,-9.723119735717773,0.29750001430511475,-0.04374999925494194,-0.12250000238418579,1
0.8517299890518188,0.4019399881362915,-9.7039794921875,0.3062500059604645,0.07000000029802322,-0.09624999761581421,1
0.8230199813842773,0.39236998558044434,-9.723119735717773,0.2887499928474426,0.0,-0.08749999850988388,1
0.8230199813842773,0.4402199983596802,-9.723119735717773,0.2887499928474426,0.0,-0.1574999988079071,1
0.861299991607666,0.4402199983596802,-9.742259979248047,0.27125000953674316,0.04374999925494194,-0.19249999523162842,1
0.8708699941635132,0.430649995803833,-9.742259979248047,0.3062500059604645,0.04374999925494194,-0.08749999850988388,1
0.8900099992752075,0.430649995803833,-9.742259979248047,0.3149999976158142,-0.061250001192092896,-0.14000000059604645,1
0.8804399967193604,0.4019399881362915,-9.723119735717773,0.3412500023841858,-0.11375000327825546,-0.14000000059604645,1
0.8421599864959717,0.4402199983596802,-9.723119735717773,0.3675000071525574,-0.008750000037252903,-0.17499999701976776,1
0.8708699941635132,0.39236998558044434,-9.723119735717773,0.3149999976158142,-0.008750000037252903,-0.14000000059604645,1
0.803879976272583,0.44979000091552734,-9.694409370422363,0.2800000011920929,0.0,-0.14000000059604645,1
0.8804399967193604,0.42107999324798584,-9.751830101013184,0.27125000953674316,0.017500000074505806,-0.14000000059604645,1
0.8325899839401245,0.44979000091552734,-9.723119735717773,0.24500000476837158,-0.03500000014901161,-0.16625000536441803,1
0.8421599864959717,0.36365997791290283,-9.742259979248047,0.26249998807907104,-0.07000000029802322,-0.1574999988079071,1
0.8708699941635132,0.4019399881362915,-9.7039794921875,0.32374998927116394,-0.03500000014901161,-0.13124999403953552,1
0.8325899839401245,0.41150999069213867,-9.742259979248047,0.2537499964237213,0.07000000029802322,-0.1574999988079071,1
0.861299991607666,0.430649995803833,-9.742259979248047,0.2887499928474426,-0.04374999925494194,-0.07874999940395355,1
0.8517299890518188,0.430649995803833,-9.73268985748291,0.3675000071525574,-0.026250001043081284,-0.11375000327825546,1
0.8995800018310547,0.37322998046875,-9.742259979248047,0.33250001072883606,-0.17499999701976776,-0.10500000417232513,1
0.861299991607666,0.39236998558044434,-9.751830101013184,0.33250001072883606,-0.017500000074505806,-0.07000000029802322,1
0.8230199813842773,0.38279998302459717,-9.73268985748291,0.32374998927116394,0.026250001043081284,-0.10500000417232513,1
0.8325899839401245,0.4019399881362915,-9.723119735717773,0.27125000953674316,0.07000000029802322,-0.09624999761581421,1
0.8134499788284302,0.4019399881362915,-9.7039794921875,0.3412500023841858,-0.03500000014901161,-0.11375000327825546,1
0.861299991607666,0.39236998558044434,-9.713549613952637,0.35875001549720764,-0.026250001043081284,-0.14000000059604645,1
0.8421599864959717,0.4402199983596802,-9.713549613952637,0.3062500059604645,0.0,-0.16625000536441803,1
0.861299991607666,0.41150999069213867,-9.76140022277832,0.29750001430511475,-0.04374999925494194,-0.09624999761581421,1
0.8230199813842773,0.4402199983596802,-9.694409370422363,0.2800000011920929,-0.04374999925494194,-0.17499999701976776,1
0.8517299890518188,0.37322998046875,-9.7039794921875,0.26249998807907104,0.008750000037252903,-0.12250000238418579,1
1.8948599100112915,0.9474299550056458,-12.555839538574219,-64.81124877929688,56.83124923706055,0.4724999964237213,1
0.861299991607666,0.4019399881362915,-9.713549613952637,0.29750001430511475,0.017500000074505806,-0.12250000238418579,1
0.8421599864959717,0.41150999069213867,-9.751830101013184,0.2887499928474426,0.0,-0.11375000327825546,1
0.8708699941635132,0.42107999324798584,-9.713549613952637,0.3499999940395355,0.0,-0.11375000327825546,1
0.8804399967193604,0.4019399881362915,-9.742259979248047,0.2537499964237213,0.017500000074505806,-0.1574999988079071,1
0.8900099992752075,0.4019399881362915,-9.723119735717773,0.26249998807907104,0.05250000208616257,-0.1574999988079071,1
0.8421599864959717,0.44979000091552734,-9.694409370422363,0.2800000011920929,-0.026250001043081284,-0.12250000238418579,1
0.8421599864959717,0.42107999324798584,-9.723119735717773,0.29750001430511475,-0.008750000037252903,-0.12250000238418579,1
0.803879976272583,0.41150999069213867,-9.73268985748291,0.26249998807907104,-0.061250001192092896,-0.14000000059604645,1
0.8804399967193604,0.38279998302459717,-9.713549613952637,0.21875,-0.04374999925494194,-0.16625000536441803,1
0.7943099737167358,0.4593600034713745,-9.713549613952637,0.2800000011920929,0.026250001043081284,-0.12250000238418579,1
0.8325899839401245,0.4593600034713745,-9.694409370422363,0.3675000071525574,0.6474999785423279,-0.04374999925494194,1
0.8230199813842773,0.38279998302459717,-9.79967975616455,0.42000001668930054,0.5249999761581421,0.14000000059604645,1
0.8134499788284302,0.4019399881362915,-9.675270080566406,0.2800000011920929,0.5162500143051147,0.21875,1
0.8421599864959717,0.44979000091552734,-9.780539512634277,0.3062500059604645,0.3762499988079071,0.23624999821186066,1
0.861299991607666,0.4019399881362915,-9.646559715270996,0.2887499928474426,0.5862500071525574,0.2537499964237213,1
0.8517299890518188,0.4019399881362915,-9.780539512634277,0.26249998807907104,0.5687500238418579,0.29750001430511475,1
0.8804399967193604,0.42107999324798584,-9.723119735717773,0.24500000476837158,0.6299999952316284,0.38499999046325684,1
0.861299991607666,0.4019399881362915,-9.73268985748291,0.3062500059604645,0.6037499904632568,0.4375,1
1.7034599781036377,0.9761399626731873,-12.259169578552246,-68.74874877929688,58.064998626708984,0.9887499809265137,1
2.2393798828125,0.9761399626731873,-12.450570106506348,-71.14624786376953,59.0625,1.4787499904632568,1
2.5073399543762207,0.8230199813842773,-11.799809455871582,-73.1762466430664,60.27000045776367,1.7675000429153442,1
2.6891698837280273,0.918720006942749,-11.63711929321289,-76.95625305175781,61.45125198364258,1.9862500429153442,1
3.4930498600006104,1.435499906539917,-11.407440185546875,-81.41874694824219,62.334999084472656,2.309999942779541,1
3.1676700115203857,1.6843199729919434,-11.550990104675293,-92.12875366210938,64.15499877929688,3.2725000381469727,1
3.0049798488616943,2.382930040359497,-11.455289840698242,-116.9000015258789,64.97750091552734,4.821249961853027,1
4.048110008239746,2.153249979019165,-13.570260047912598,-138.87124633789062,65.57250213623047,5.888750076293945,1
3.5983200073242188,2.3924999237060547,-12.01034927368164,-148.19874572753906,65.67749786376953,6.833750247955322,1
4.603169918060303,4.890269756317139,-12.431429862976074,-177.84375,46.11249923706055,19.61750030517578,1
4.85198974609375,5.081669807434082,-12.967350006103516,-155.45249938964844,42.73500061035156,19.267499923706055,1
4.957259654998779,5.368769645690918,-13.484129905700684,-133.1925048828125,39.40999984741211,18.471250534057617,1
4.957259654998779,5.636729717254639,-13.847789764404297,-112.25375366210938,36.16374969482422,17.228750228881836,1
4.813709735870361,5.875979900360107,-14.259299278259277,-93.70375061035156,32.8650016784668,15.548749923706055,1
4.775429725646973,6.143939971923828,-14.575109481811523,-78.21624755859375,29.34749984741211,13.623749732971191,1
4.7275800704956055,6.411900043487549,-14.910059928894043,-66.5875015258789,25.760000228881836,11.322500228881836,1
4.804140090942383,6.641579627990723,-15.187589645385742,-59.17625045776367,22.268749237060547,8.767499923706055,1
4.918979644775391,6.871259689331055,-15.484259605407715,-55.755001068115234,18.698749542236328,5.985000133514404,1
4.928549766540527,7.043519973754883,-15.713939666748047,-56.026248931884766,15.154999732971191,3.0799999237060547,1
4.85198974609375,7.12007999420166,-15.780929565429688,-59.26375198364258,11.619999885559082,0.017500000074505806,1
4.737149715423584,7.244489669799805,-15.886199951171875,-64.53125,8.041250228881836,-3.0537500381469727,1
4.555319786071777,7.349760055541992,-15.876629829406738,-71.05000305175781,4.208750247955322,-6.019999980926514,1
4.373489856719971,7.416749954223633,-15.838349342346191,-78.08499908447266,0.14875000715255737,-8.793749809265137,1
4.2395100593566895,7.502879619598389,-15.924479484558105,-85.05000305175781,-4.051249980926514,-11.287500381469727,1
4.210799694061279,7.522019863128662,-15.742650032043457,-91.37625122070312,-8.338749885559082,-13.763750076293945,1
4.249079704284668,7.435889720916748,-15.780929565429688,-96.45124816894531,-12.72249984741211,-16.1612491607666,1
4.268219947814941,7.483739852905273,-15.73307991027832,-99.6449966430664,-17.237499237060547,-18.549999237060547,1
4.172519683837891,7.4550299644470215,-15.6756591796875,-100.36250305175781,-21.80500030517578,-20.833749771118164,1
4.028969764709473,7.426319599151611,-15.618239402770996,-98.27124786376953,-26.46000099182129,-23.100000381469727,1
4.028969764709473,7.388039588928223,-15.436409950256348,-93.10874938964844,-31.28125,-25.287500381469727,1
3.2920799255371094,7.703849792480469,-13.847789764404297,-44.66875076293945,-74.34874725341797,-53.821250915527344,1
4.038539886474609,7.531589984893799,-15.216300010681152,-85.04125213623047,-36.400001525878906,-27.41374969482422,1
3.9715499877929688,7.512449741363525,-15.111029624938965,-74.86499786376953,-41.755001068115234,-29.618749618530273,1
3.8662798404693604,7.550729751586914,-15.044039726257324,-64.10250091552734,-47.005001068115234,-32.07749938964844,1
3.9141299724578857,7.550729751586914,-15.015329360961914,-54.41625213623047,-52.123748779296875,-34.772499084472656,1
3.8375699520111084,7.5985798835754395,-14.938769340515137,-46.91749954223633,-56.848751068115234,-37.70375061035156,1
3.7227299213409424,7.655999660491943,-14.881349563598633,-42.026248931884766,-60.95249938964844,-40.775001525878906,1
3.588749885559082,7.636859893798828,-14.718659400939941,-39.681251525878906,-64.75,-44.126251220703125,1
3.473909854888916,7.6847100257873535,-14.402849197387695,-39.59375,-68.26750183105469,-47.48625183105469,1
3.4069199562072754,7.694279670715332,-14.297579765319824,-41.49250030517578,-71.50499725341797,-50.8025016784668,1
3.215519905090332,7.722990036010742,-13.723380088806152,-48.95624923706055,-77.06999969482422,-56.595001220703125,1
3.0528299808502197,7.675139904022217,-13.388429641723633,-53.532501220703125,-79.44125366210938,-59.053749084472656,1
3.0241198539733887,7.627289772033691,-13.06304931640625,-58.248748779296875,-81.55875396728516,-61.3025016784668,1
3.014549970626831,7.589009761810303,-12.699389457702637,-62.70249938964844,-83.6762466430664,-63.40250015258789,1
2.9762699604034424,7.589009761810303,-12.34529972076416,-66.46500396728516,-85.6187515258789,-65.35375213623047,1
2.7370200157165527,7.445459842681885,-12.029489517211914,-69.39624786376953,-87.4124984741211,-67.14749908447266,1
2.5456199645996094,7.349760055541992,-11.828519821166992,-71.68875122070312,-88.85624694824219,-68.75749969482422,1
2.3159399032592773,7.263629913330078,-11.57012939453125,-73.50875091552734,-89.95874786376953,-70.4375,1
2.268090009689331,7.215779781341553,-11.359589576721191,-74.97000122070312,-90.5625,-72.01249694824219,1
2.1341099739074707,7.167929649353027,-10.9193696975708,-75.62625122070312,-90.8862533569336,-73.42124938964844,1
1.9714199304580688,7.12007999420166,-10.775819778442383,-75.37249755859375,-90.93875122070312,-74.84750366210938,1
1.8565798997879028,7.0817999839782715,-10.440869331359863,-74.00749969482422,-90.83374786376953,-76.19499969482422,1
1.837440013885498,7.014809608459473,-10.192049980163574,-71.47875213623047,-90.76374816894531,-77.59500122070312,1
1.9714199304580688,6.9669599533081055,-9.924089431762695,-68.1449966430664,-90.51875305175781,-78.88999938964844,1
1.9331399202346802,6.995669841766357,-9.76140022277832,-64.24250030517578,-90.13375091552734,-80.07125091552734,1
1.8565798997879028,6.91910982131958,-9.589139938354492,-60.095001220703125,-89.59124755859375,-80.98124694824219,1
1.780019998550415,6.871259689331055,-9.349889755249023,-55.79875183105469,-89.20625305175781,-81.83875274658203,1
1.7130299806594849,6.842549800872803,-9.215909957885742,-51.3537483215332,-88.71624755859375,-82.73999786376953,1
1.6268999576568604,6.765989780426025,-9.129779815673828,-47.03125,-88.25250244140625,-83.62374877929688,1
1.550339937210083,6.794699668884277,-8.995800018310547,-42.9275016784668,-87.74500274658203,-84.41999816894531,1
1.0526999235153198,6.890399932861328,-7.856969833374023,-16.826250076293945,-84.94499969482422,-87.22875213623047,1
0.39236998558044434,6.7181396484375,-7.397609710693359,-7.034999847412109,-83.19499969482422,-90.78125,1
-0.13397999107837677,5.081669807434082,-5.579309940338135,3.0537500381469727,-90.72875213623047,-82.93250274658203,1
1.492919921875,6.8234100341796875,-8.823539733886719,-38.7712516784668,-87.30750274658203,-85.06749725341797,1
1.3780800104141235,6.689429759979248,-8.660849571228027,-34.79875183105469,-87.10624694824219,-85.53125,1
1.3302299976348877,6.641579627990723,-8.488590240478516,-31.123750686645508,-87.01875305175781,-85.89875030517578,1
1.2728099822998047,6.603299617767334,-8.373749732971191,-27.99125099182129,-86.96624755859375,-86.26625061035156,1
1.1579699516296387,6.612869739532471,-8.364179611206055,-25.716249465942383,-86.9312515258789,-86.55500030517578,1
1.0814099311828613,6.632009983062744,-8.412030220031738,-24.21125030517578,-86.61624908447266,-86.7562484741211,1
1.0718399286270142,6.660719871520996,-8.23976993560791,-22.9424991607666,-85.90750122070312,-86.92250061035156,1
1.0239899158477783,6.689429759979248,-8.010089874267578,-21.4375,-85.47000122070312,-87.04499816894531,1
1.0909799337387085,6.756419658660889,-7.876109600067139,-19.424999237060547,-85.1987533569336,-87.20249938964844,1
0.9474299550056458,6.890399932861328,-7.770839691162109,-14.043749809265137,-84.65625,-87.15875244140625,1
0.9761399626731873,6.976529598236084,-7.761269569396973,-11.803750038146973,-84.25375366210938,-87.13249969482422,1
1.062269926071167,6.9669599533081055,-7.636859893798828,-9.948750495910645,-84.0875015258789,-87.27249908447266,1
1.0814099311828613,6.957389831542969,-7.627289772033691,-8.470000267028809,-83.93000030517578,-87.56124877929688,1
1.0526999235153198,6.928679943084717,-7.474169731140137,-7.393750190734863,-83.78125,-87.9375,1
1.0239899158477783,6.909539699554443,-7.464599609375,-6.615000247955322,-83.61499786376953,-88.34000396728516,1
0.803879976272583,6.871259689331055,-7.474169731140137,-6.247499942779541,-83.62374877929688,-88.82125091552734,1
0.6603299975395203,6.832979679107666,-7.4550299644470215,-6.203750133514404,-83.51000213623047,-89.38999938964844,1
0.44979000091552734,6.794699668884277,-7.368899822235107,-6.510000228881836,-83.36125183105469,-90.09000396728516,1
0.3445200026035309,6.651149749755859,-7.244489669799805,-7.454999923706055,-82.94999694824219,-91.4375,1
0.3062399923801422,6.632009983062744,-7.148789882659912,-7.533750057220459,-82.80999755859375,-91.9625015258789,1
0.16268999874591827,6.612869739532471,-7.12007999420166,-7.070000171661377,-82.6875,-92.21624755859375,1
0.06698999553918839,6.526740074157715,-7.053089618682861,-6.142499923706055,-82.66124725341797,-92.43499755859375,1
-0.009569999761879444,6.488460063934326,-6.928679943084717,-4.882500171661377,-82.61750030517578,-92.56625366210938,1
-0.009569999761879444,6.411900043487549,-6.880829811096191,-3.569999933242798,-82.66124725341797,-92.55750274658203,1
-0.028710000216960907,6.37362003326416,-6.794699668884277,-2.2487499713897705,-82.62625122070312,-92.4262466430664,1
-0.009569999761879444,6.3353400230407715,-6.785130023956299,-0.9449999928474426,-82.5562515258789,-92.10250091552734,1
-0.10526999831199646,6.325769901275635,-6.813839912414551,0.3675000071525574,-82.28500366210938,-91.68250274658203,1
-0.2201099991798401,4.9859700202941895,-5.4740400314331055,1.53125,-90.85124969482422,-81.9175033569336,1
-0.2488199919462204,4.928549766540527,-5.397480010986328,0.2537499964237213,-90.97374725341797,-80.92874908447266,1
-0.23924998939037323,4.775429725646973,-5.311349868774414,-0.7875000238418579,-91.16625213623047,-79.91374969482422,1
-0.21053999662399292,4.708439826965332,-5.25393009185791,-1.5924999713897705,-91.48999786376953,-78.6449966430664,1
-0.14354999363422394,4.651020050048828,-5.186939716339111,-2.0562500953674316,-91.7612533569336,-77.26249694824219,1
-0.1531199961900711,4.555319786071777,-5.177370071411133,-2.1700000762939453,-92.0062484741211,-75.8012466430664,1
-0.2488199919462204,4.421339988708496,-5.129519939422607,-2.0824999809265137,-92.23374938964844,-74.29624938964844,1
-0.26795998215675354,4.335209846496582,-5.05295991897583,-1.75,-92.53125,-72.74749755859375,1
-0.23924998939037323,4.249079704284668,-4.947690010070801,-1.1549999713897705,-92.8812484741211,-71.45249938964844,1
-0.5646299719810486,3.158099889755249,-4.287359714508057,-1.9249999523162842,-96.66999816894531,-56.314998626708984,1
-1.4833499193191528,2.5073399543762207,-3.387779951095581,13.151249885559082,-95.33125305175781,-37.432498931884766,1
-2.5456199645996094,2.4307799339294434,-2.9188499450683594,41.36125183105469,-91.25375366210938,-18.217500686645508,1
-0.6603299975395203,3.0336899757385254,-4.191659927368164,-3.211250066757202,-96.50375366210938,-54.932498931884766,1
-0.7177499532699585,2.9762699604034424,-4.134239673614502,-4.173749923706055,-96.29374694824219,-53.66374969482422,1
-0.7464599609375,2.899709939956665,-4.038539886474609,-4.716249942779541,-96.21500396728516,-52.377498626708984,1
-0.7943099737167358,2.9092798233032227,-3.990689992904663,-4.646250247955322,-96.12750244140625,-51.03874969482422,1
-0.8900099992752075,2.8614299297332764,-3.9141299724578857,-4.059999942779541,-95.95249938964844,-49.665000915527344,1
-1.0048500299453735,2.81358003616333,-3.847139835357666,-3.009999990463257,-95.8125,-48.27375030517578,1
-1.0526999235153198,2.7370200157165527,-3.7705798149108887,-1.5487500429153442,-95.6987533569336,-46.85625076293945,1
-1.1388299465179443,2.7178800106048584,-3.7131597995758057,0.14875000715255737,-95.59375,-45.46500015258789,1
-1.1962499618530273,2.670029878616333,-3.646169900894165,2.309999942779541,-95.62000274658203,-44.04750061035156,1
-3.2825098037719727,2.3446500301361084,-2.6030399799346924,37.84375,-80.79750061035156,0.9449999928474426,1
-4.9859700202941895,2.9092798233032227,-1.7513099908828735,65.22250366210938,-46.095001220703125,50.95125198364258,1
-1.5599099397659302,2.5169098377227783,-3.3112199306488037,16.231250762939453,-95.05999755859375,-35.58625030517578,1
-1.6173299551010132,2.4594898223876953,-3.3494999408721924,19.547500610351562,-94.8324966430664,-33.64374923706055,1
-1.722599983215332,2.4594898223876953,-3.215519905090332,22.828750610351562,-94.6312484741211,-31.692501068115234,1
-1.7704499959945679,2.3924999237060547,-3.1772398948669434,26.092500686645508,-94.31625366210938,-29.706249237060547,1
-1.9139999151229858,2.4020700454711914,-3.0336899757385254,29.251249313354492,-94.01000213623047,-27.755001068115234,1
-2.0288400650024414,2.3924999237060547,-3.0241198539733887,32.2087516784668,-93.61624908447266,-25.84749984741211,1
-2.153249979019165,2.3637900352478027,-3.0336899757385254,34.81624984741211,-93.15250396728516,-23.948749542236328,1
-2.2872300148010254,2.382930040359497,-3.0049798488616943,37.248748779296875,-92.67124938964844,-22.111249923706055,1
-2.5073399543762207,2.411639928817749,-2.9379899501800537,39.41875076293945,-92.04125213623047,-20.1512508392334,1
-2.6604599952697754,2.354219913482666,-2.8327200412750244,42.901248931884766,-90.37000274658203,-16.309999465942383,1
-2.7370200157165527,2.3159399032592773,-2.7657299041748047,43.9162483215332,-89.51249694824219,-14.411250114440918,1
-2.8040099143981934,2.325510025024414,-2.8327200412750244,44.48500061035156,-88.8125,-12.5649995803833,1
-2.9188499450683594,2.3637900352478027,-2.7465898990631104,44.415000915527344,-87.76249694824219,-10.648750305175781,1
-2.9762699604034424,2.3733599185943604,-2.7465898990631104,43.977500915527344,-86.74749755859375,-8.75,1
-3.0528299808502197,2.354219913482666,-2.8040099143981934,43.17250061035156,-85.6362533569336,-6.824999809265137,1
-3.1102499961853027,2.3924999237060547,-2.7370200157165527,42.10499954223633,-84.46375274658203,-4.821249961853027,1
-3.2250900268554688,2.3924999237060547,-2.756160020828247,40.897499084472656,-83.14250183105469,-2.8350000381469727,1
-3.301649808883667,2.3637900352478027,-2.6796000003814697,39.44499969482422,-81.9175033569336,-0.875,1
-3.330359935760498,2.296799898147583,-2.6317498683929443,36.17250061035156,-79.69499969482422,2.6600000858306885,1
-3.2920799255371094,2.2872300148010254,-2.5360498428344727,34.51874923706055,-78.71500396728516,4.296249866485596,1
-3.3207898139953613,2.296799898147583,-2.469059944152832,32.908748626708984,-77.49874877929688,5.836249828338623,1
-3.3494999408721924,2.2298099994659424,-2.4594898223876953,31.456249237060547,-76.37000274658203,7.402500152587891,1
-3.416489839553833,2.268090009689331,-2.3924999237060547,30.25749969482422,-75.27625274658203,8.916250228881836,1
-3.4834799766540527,2.2202398777008057,-2.296799898147583,29.364999771118164,-74.23500061035156,10.333749771118164,1
-3.588749885559082,2.210669994354248,-2.2393798828125,28.717500686645508,-73.08000183105469,11.760000228881836,1
-3.6366000175476074,2.1915299892425537,-2.2393798828125,28.50749969482422,-72.09124755859375,13.107500076293945,1
-3.7227299213409424,2.268090009689331,-2.1723899841308594,28.787500381469727,-71.06749725341797,14.489999771118164,1
-5.005109786987305,2.9954099655151367,-1.7513099908828735,64.8812484741211,-44.86125183105469,52.64875030517578,1
-4.976399898529053,3.0815398693084717,-1.7130299806594849,64.73249816894531,-43.63624954223633,54.477500915527344,1
-4.938119888305664,3.18681001663208,-1.6460399627685547,64.99500274658203,-42.3849983215332,56.4375,1
-5.072099685668945,3.2537999153137207,-1.7321699857711792,65.66000366210938,-41.063751220703125,58.4587516784668,1
-5.119949817657471,3.3494999408721924,-1.665179967880249,66.65750122070312,-39.7599983215332,60.532501220703125,1
-5.2156500816345215,3.4547698497772217,-1.6173299551010132,67.9175033569336,-38.63999938964844,62.66749954223633,1
-5.301779747009277,3.4834799766540527,-1.5694799423217773,69.18624877929688,-37.52000045776367,64.82875061035156,1
-5.273069858551025,3.5217599868774414,-1.5216299295425415,70.50749969482422,-36.39125061035156,66.97250366210938,1
-5.2252197265625,3.5504698753356934,-1.5120599269866943,71.72374725341797,-35.306251525878906,69.0112533569336,1
-4.076819896697998,5.081669807434082,-1.6460399627685547,78.67124938964844,-6.098750114440918,98.5512466430664,1
-4.057680130004883,5.158229827880859,-1.6460399627685547,79.12625122070312,-5.25,100.44999694824219,1
-4.038539886474609,5.311349868774414,-1.7704499959945679,79.32749938964844,-4.462500095367432,102.4800033569336,1
-3.8949899673461914,5.435760021209717,-1.7704499959945679,79.64250183105469,-3.543750047683716,104.74625396728516,1
-3.6940197944641113,5.59844970703125,-1.665179967880249,79.9574966430664,-2.6862499713897705,107.0824966430664,1
-3.5791800022125244,5.675009727478027,-1.550339937210083,80.50875091552734,-2.012500047683716,109.27000427246094,1
-3.4547698497772217,5.780279636383057,-1.4259300231933594,81.13874816894531,-1.7062499523162842,111.36125183105469,1
-3.4547698497772217,5.828129768371582,-1.4163600206375122,81.74250030517578,-1.4262499809265137,113.24250030517578,1
-3.2346599102020264,5.933399677276611,-1.3398000001907349,82.10124969482422,-1.1549999713897705,114.9312515258789,1
-3.071969985961914,6.019529819488525,-1.3015199899673462,81.9437484741211,-0.7875000238418579,116.6812515258789,1
-2.8518600463867188,6.153509616851807,-1.3589400053024292,81.30500030517578,-0.16625000536441803,118.37875366210938,1
-1.2440999746322632,6.995669841766357,-1.2058199644088745,54.85375213623047,11.681249618530273,132.5887451171875,1
1.4163600206375122,8.000519752502441,0.1531199961900711,55.98250198364258,11.6899995803833,156.52874755859375,1
-2.641319990158081,6.976529598236084,-1.5790499448776245,80.65750122070312,0.9012500047683716,120.75875091552734,1
-2.3637900352478027,5.818559646606445,-0.9282899498939514,80.37750244140625,2.2925000190734863,123.61125183105469,1
-2.3063700199127197,5.665440082550049,-1.0431299209594727,78.89875030517578,3.3424999713897705,124.94999694824219,1
-2.2393798828125,5.808990001678467,-1.0431299209594727,76.41374969482422,4.269999980926514,125.52750396728516,1
-2.038409948348999,5.981249809265137,-0.9665699601173401,73.46500396728516,5.25,126.07875061035156,1
-1.6938899755477905,6.297060012817383,-1.1579699516296387,70.20999908447266,6.422500133514404,126.80500030517578,1
-1.6173299551010132,6.440609931945801,-1.2249599695205688,66.89375305175781,7.962500095367432,127.8812484741211,1
-1.5216299295425415,6.641579627990723,-1.1483999490737915,63.17499923706055,9.607500076293945,129.2725067138672,1
-1.4163600206375122,6.794699668884277,-1.1483999490737915,59.123748779296875,10.8412504196167,130.89999389648438,1
-0.9378599524497986,7.215779781341553,-1.1675399541854858,50.89875030517578,12.355000495910645,134.62750244140625,1
-0.5933399796485901,7.4550299644470215,-1.1101199388504028,47.82749938964844,12.914999961853027,136.9375,1
-0.32537999749183655,7.5985798835754395,-0.8995800018310547,46.025001525878906,13.168749809265137,139.44000244140625,1
-0.13397999107837677,7.675139904022217,-0.7273199558258057,45.368751525878906,13.09000015258789,141.8987579345703,1
0.038279999047517776,7.86653995513916,-0.4593600034713745,45.779998779296875,12.731249809265137,144.24374389648438,1
0.4402199983596802,7.9718098640441895,-0.5359199643135071,46.92625045776367,12.1537504196167,146.59750366210938,1
0.7368899583816528,8.038800239562988,-0.06698999553918839,49.0525016784668,11.84749984741211,149.1962432861328,1
0.9952799677848816,8.096220016479492,-0.11484000086784363,51.82625198364258,11.62874984741211,151.97874450683594,1
1.234529972076416,8.010089874267578,0.0,54.258750915527344,11.532500267028809,154.4550018310547,1
1.4833499193191528,8.124929428100586,0.09569999575614929,56.69124984741211,12.013750076293945,158.1737518310547,1
1.8948599100112915,7.914389610290527,0.22968000173568726,56.47249984741211,12.529999732971191,159.52999877929688,1
2.210669994354248,7.981379985809326,0.26795998215675354,54.932498931884766,13.273750305175781,160.65875244140625,1
2.4594898223876953,8.010089874267578,0.3349500000476837,52.158748626708984,14.078749656677246,161.6649932861328,1
2.641319990158081,7.952669620513916,0.36365997791290283,47.993751525878906,15.05875015258789,162.53125,1
2.8327200412750244,8.000519752502441,0.4402199983596802,42.743751525878906,16.047500610351562,163.4237518310547,1
2.9188499450683594,7.885679721832275,0.5550599694252014,36.846248626708984,17.079999923706055,164.37750244140625,1
3.0241198539733887,8.163209915161133,0.6411899924278259,30.502500534057617,18.059999465942383,165.51499938964844,1
3.4930498600006104,8.163209915161133,0.47849997878074646,24.071250915527344,19.293750762939453,167.02874755859375,1
3.703589916229248,8.526869773864746,0.8421599864959717,18.4012508392334,20.728750228881836,168.76124572753906,1
3.8854198455810547,8.670419692993164,1.234529972076416,13.938750267028809,22.08500099182129,170.71249389648438,1
4.584029674530029,8.861820220947266,1.5981899499893188,9.0649995803833,24.071250915527344,174.04624938964844,1
4.823279857635498,9.081930160522461,1.550339937210083,8.688750267028809,24.876249313354492,175.4550018310547,1
5.407049655914307,9.340319633483887,1.6556099653244019,8.96875,25.821250915527344,176.91624450683594,1
5.885550022125244,9.503009796142578,1.8183000087738037,9.5287504196167,27.063749313354492,178.15875244140625,1
6.182219982147217,9.493439674377441,1.837440013885498,10.701250076293945,28.58625030517578,179.1999969482422,1
6.54587984085083,9.493439674377441,2.0192699432373047,12.022500038146973,30.065000534057617,180.06625366210938,1
6.880829811096191,9.522150039672852,2.1436798572540283,13.046250343322754,31.692501068115234,180.62625122070312,1
7.282769680023193,9.646559715270996,2.2298099994659424,13.851249694824219,33.53874969482422,181.01124572753906,1
7.732559680938721,9.656129837036133,2.382930040359497,14.524999618530273,35.244998931884766,181.44000244140625,1
8.220629692077637,9.66569995880127,2.5169098377227783,15.34749984741211,37.099998474121094,181.9737548828125,1
8.61299991607666,9.598710060119629,2.6317498683929443,16.40625,39.05125045776367,182.49874877929688,1
9.168059349060059,9.493439674377441,2.8231499195098877,17.35124969482422,40.993751525878906,183.09375,1
9.780539512634277,9.579569816589355,3.0241198539733887,18.34000015258789,43.032501220703125,183.67124938964844,1
10.488719940185547,9.445590019226074,3.043259859085083,19.72249984741211,44.95750045776367,184.32749938964844,1
11.216039657592773,9.455160140991211,3.3494999408721924,21.65625,46.83000183105469,185.19375610351562,1
11.761529922485352,9.531720161437988,3.588749885559082,24.079999923706055,48.74625015258789,186.41000366210938,1
12.173039436340332,9.589139938354492,3.8854198455810547,27.028749465942383,50.68000030517578,187.80999755859375,1
12.957779884338379,9.503009796142578,4.057680130004883,30.231250762939453,52.63999938964844,189.27125549316406,1
13.39799976348877,9.646559715270996,4.30649995803833,33.775001525878906,54.70500183105469,190.86375427246094,1
18.42224884033203,11.22560977935791,4.201230049133301,-7.507500171661377,97.60624694824219,200.29624938964844,1
13.80950927734375,9.828390121459961,4.497900009155273,37.318748474121094,57.084999084472656,192.77999877929688,1
14.125319480895996,10.211189270019531,4.383059978485107,40.10124969482422,59.92000198364258,194.96749877929688,1
14.364569664001465,10.421730041503906,4.335209846496582,41.439998626708984,63.54249954223633,197.19874572753906,1
14.718659400939941,10.50786018371582,4.478759765625,40.599998474121094,67.54125213623047,198.94874572753906,1
14.843070030212402,10.488719940185547,4.536180019378662,37.07374954223633,71.75875091552734,199.9812469482422,1
15.752219200134277,10.85237979888916,4.30649995803833,31.561250686645508,76.30875396728516,200.48875427246094,1
16.766639709472656,10.900229454040527,4.344779968261719,24.31624984741211,81.10375213623047,200.8125,1
17.40782928466797,11.053349494934082,4.268219947814941,15.09375,86.38874816894531,200.8300018310547,1
17.800199508666992,11.206469535827637,4.10552978515625,4.304999828338623,91.89250183105469,200.6024932861328,1
29.84882926940918,13.082189559936523,7.139219760894775,-22.02375030517578,150.90249633789062,197.7324981689453,1
62.59737014770508,19.943880081176758,6.258780002593994,114.81749725341797,286.68499755859375,90.51875305175781,1
19.16870880126953,11.216039657592773,4.287359714508057,-19.97624969482422,103.51249694824219,199.80624389648438,1
20.116140365600586,11.206469535827637,4.383059978485107,-31.90250015258789,109.30500030517578,199.0362548828125,1
20.95829963684082,11.330880165100098,4.631879806518555,-42.525001525878906,115.20249938964844,198.10874938964844,1
22.183259963989258,11.330880165100098,4.928549766540527,-50.557498931884766,120.89875030517578,197.16375732421875,1
23.350799560546875,11.57012939453125,5.349629878997803,-54.897499084472656,126.18375396728516,196.3937530517578,1
24.652318954467773,11.885939598083496,5.741999626159668,-54.897499084472656,131.28500366210938,195.9562530517578,1
26.10696029663086,12.230460166931152,6.230069637298584,-50.39125061035156,136.0449981689453,196.05250549316406,1
27.513750076293945,12.65153980255127,6.603299617767334,-42.4375,140.81375122070312,196.55125427246094,1
28.403759002685547,13.082189559936523,7.024379730224609,-32.39250183105469,145.6699981689453,197.23374938964844,1
33.169620513916016,14.058329582214355,7.751699924468994,-11.970000267028809,156.80874633789062,197.7937469482422,1
32.748538970947266,14.345429420471191,8.029230117797852,4.304999828338623,171.40374755859375,196.93624877929688,1
33.53327941894531,14.51768970489502,8.431169509887695,9.694999694824219,180.2324981689453,195.91250610351562,1
34.20317840576172,14.622960090637207,8.507729530334473,13.230000495910645,190.23374938964844,194.3987579345703,1
35.21759796142578,14.622960090637207,8.421599388122559,15.041250228881836,201.40750122070312,192.00999450683594,1
36.346858978271484,14.55596923828125,8.30675983428955,14.507499694824219,214.6112518310547,188.81625366210938,1
36.99761962890625,14.565539360046387,8.134499549865723,11.952500343322754,229.98500061035156,184.92250061035156,1
38.66279983520508,14.508119583129883,7.9718098640441895,8.321249961853027,246.9512481689453,180.46875,1
43.58177947998047,14.603819847106934,7.694279670715332,2.5199999809265137,282.3275146484375,170.5550079345703,1
64.69319915771484,20.08742904663086,5.579309940338135,111.90374755859375,286.68499755859375,76.78125,1
67.52591705322266,20.355388641357422,4.775429725646973,106.69750213623047,286.68499755859375,62.41374969482422,1
70.77971649169922,20.929590225219727,3.9524099826812744,100.57250213623047,286.68499755859375,48.16875076293945,1
74.43545532226562,21.628198623657227,3.1389598846435547,94.99874877929688,286.68499755859375,34.842498779296875,1
78.11991119384766,22.02056884765625,2.0479798316955566,91.15750122070312,286.68499755859375,22.78499984741211,1
85.0198745727539,22.001428604125977,-0.2870999872684479,88.2874984741211,286.68499755859375,11.795000076293945,1
90.11111450195312,21.321958541870117,-3.0049798488616943,79.60749816894531,286.68499755859375,-8.539999961853027,1
93.19265747070312,20.21183967590332,-6.009959697723389,50.618751525878906,286.68499755859375,-36.98625183105469,1
94.53245544433594,18.78590965270996,-7.856969833374023,39.165000915527344,286.68499755859375,-54.61750030517578,1
95.03009796142578,17.943750381469727,-8.785260200500488,44.66875076293945,286.68499755859375,-63.51625061035156,1
76.66526794433594,7.809119701385498,-130.5826416015625,44.345001220703125,286.68499755859375,-70.66500091552734,1
99.2791748046875,27.22665023803711,-194.41455078125,-62.063751220703125,234.7449951171875,-70.66500091552734,1
43.09370803833008,21.235830307006836,51.1707878112793,-50.16374969482422,162.9862518310547,-56.26250076293945,1
14.307149887084961,14.27843952178955,10.50786018371582,-39.654998779296875,177.32749938964844,-46.033748626708984,1
28.394189834594727,15.962759971618652,-22.01099967956543,-29.233749389648438,218.83749389648438,-44.213748931884766,1
50.09894943237305,14.632529258728027,19.84817886352539,-18.243749618530273,230.3175048828125,-45.31624984741211,1
45.237388610839844,14.17317008972168,-1.550339937210083,5.958750247955322,248.4300079345703,-47.337501525878906,1
33.11219787597656,13.321439743041992,-8.699130058288574,37.782501220703125,272.8600158691406,-53.348751068115234,1
30.882389068603516,12.594120025634766,7.5698699951171875,85.48750305175781,277.8737487792969,-64.77625274658203,1
37.83020782470703,11.57012939453125,-6.574589729309082,128.58999633789062,286.0899963378906,-80.04499816894531,1
39.1508674621582,2.124539852142334,-11.742389678955078,243.4425048828125,286.68499755859375,-253.42625427246094,1
29.743558883666992,-2.038409948348999,-12.096479415893555,286.68499755859375,286.68499755859375,-286.68499755859375,1
39.86861801147461,10.871520042419434,-7.005239963531494,165.27000427246094,286.5537414550781,-98.17500305175781,1
37.38042068481445,10.000649452209473,-3.0911099910736084,183.1024932861328,286.68499755859375,-118.35250091552734,1
37.67708969116211,9.39773941040039,-7.933529853820801,189.9012451171875,286.68499755859375,-138.60000610351562,1
38.71064758300781,8.603429794311523,-9.7039794921875,193.5500030517578,286.68499755859375,-157.40374755859375,1
39.81119918823242,7.110509872436523,-8.91923999786377,189.55999755859375,286.68499755859375,-174.90374755859375,1
39.04560089111328,6.0769500732421875,-10.574850082397461,183.80250549316406,286.68499755859375,-191.4324951171875,1
39.34226989746094,5.148659706115723,-10.88109016418457,182.27125549316406,286.68499755859375,-206.7012481689453,1
38.92118835449219,4.4691901206970215,-10.814099311828613,188.50125122070312,286.68499755859375,-220.28125,1
39.42839813232422,3.6366000175476074,-11.512709617614746,202.41375732421875,286.68499755859375,-232.3300018310547,1
18.125579833984375,-4.6127400398254395,-10.957650184631348,152.7312469482422,267.5487365722656,-286.5537414550781,1
38.88290786743164,1.6460399627685547,-11.90507984161377,264.56500244140625,286.68499755859375,-263.1650085449219,1
38.940330505371094,1.062269926071167,-12.4122896194458,279.6937561035156,286.68499755859375,-271.9324951171875,1
38.74892807006836,0.6699000000953674,-12.230460166931152,285.853759765625,286.68499755859375,-278.3112487792969,1
38.01203918457031,0.057420000433921814,-12.728099822998047,286.68499755859375,286.68499755859375,-282.84375,1
36.71051788330078,-0.6029099822044373,-12.584549903869629,286.68499755859375,286.68499755859375,-285.7137451171875,1
35.01662826538086,-1.2058199644088745,-13.05348014831543,286.68499755859375,286.68499755859375,-286.6675109863281,1
33.39929962158203,-1.6843199729919434,-13.043910026550293,286.68499755859375,286.68499755859375,-286.68499755859375,1
31.26519012451172,-1.923569917678833,-12.938639640808105,286.68499755859375,286.68499755859375,-286.68499755859375,1
30.59528923034668,-1.837440013885498,-13.254449844360352,286.68499755859375,286.68499755859375,-286.68499755859375,1
28.43246841430664,-2.4307799339294434,-12.307019233703613,285.2674865722656,286.68499755859375,-286.68499755859375,1
26.80556869506836,-2.4786298274993896,-12.479279518127441,275.5899963378906,286.68499755859375,-286.68499755859375,1
25.724159240722656,-3.014549970626831,-12.24959945678711,258.1075134277344,286.68499755859375,-286.68499755859375,1
24.537479400634766,-3.244230031967163,-12.440999984741211,238.77874755859375,286.68499755859375,-286.68499755859375,1
23.43692970275879,-3.5217599868774414,-12.259169578552246,219.44125366210938,286.68499755859375,-286.68499755859375,1
22.307668685913086,-3.6653099060058594,-11.943359375,201.3987579345703,286.68499755859375,-286.68499755859375,1
21.159269332885742,-3.9524099826812744,-11.895509719848633,185.5,286.4837646484375,-286.68499755859375,1
20.039579391479492,-4.10552978515625,-11.59883975982666,172.1125030517578,283.6575012207031,-286.68499755859375,1
19.111289978027344,-4.392630100250244,-11.330880165100098,161.27999877929688,276.6925048828125,-286.68499755859375,1
17.23556900024414,-4.7275800704956055,-10.85237979888916,146.3262481689453,258.072509765625,-284.3137512207031,1
16.144590377807617,-4.823279857635498,-10.421730041503906,142.27499389648438,248.5,-279.0199890136719,1
15.111029624938965,-4.871129989624023,-10.326029777526855,139.94749450683594,238.66500854492188,-272.82501220703125,1
14.058329582214355,-4.88070011138916,-9.904950141906738,139.01124572753906,228.88250732421875,-266.4375,1
13.06304931640625,-4.890269756317139,-9.809249877929688,138.52999877929688,219.05624389648438,-259.94500732421875,1
12.34529972076416,-5.005109786987305,-9.531720161437988,137.6112518310547,209.3874969482422,-253.5050048828125,1
11.579699516296387,-5.081669807434082,-9.579569816589355,135.74749755859375,200.00750732421875,-247.1175079345703,1
10.75667953491211,-5.1008100509643555,-9.340319633483887,132.7375030517578,191.07374572753906,-240.8699951171875,1
9.73268985748291,-5.062530040740967,-9.235050201416016,128.5987548828125,182.70875549316406,-234.57000732421875,1
8.775690078735352,-5.024250030517578,-8.98622989654541,123.60250091552734,174.5537567138672,-228.42750549316406,1
2.5360498428344727,-4.373489856719971,-7.923959732055664,51.76499938964844,110.25,-167.42250061035156,1
7.895249843597412,-4.938119888305664,-8.909669876098633,117.72250366210938,166.87124633789062,-222.2324981689453,1
7.139219760894775,-4.938119888305664,-8.813969612121582,111.13375091552734,159.58250427246094,-216.13375854492188,1
6.440609931945801,-4.957259654998779,-8.689559936523438,104.0112533569336,152.6875,-210.0175018310547,1
5.885550022125244,-4.909409999847412,-8.603429794311523,96.59124755859375,146.125,-204.1374969482422,1
5.244359970092773,-4.784999847412109,-8.354609489440918,89.20625305175781,139.86000061035156,-198.1875,1
4.641449928283691,-4.698869705200195,-8.23976993560791,81.9175033569336,133.52499389648438,-192.18499755859375,1
4.086390018463135,-4.651020050048828,-8.115360260009766,74.69000244140625,127.33000183105469,-186.03375244140625,1
3.5217599868774414,-4.622309684753418,-8.000519752502441,67.23500061035156,121.2925033569336,-179.8300018310547,1
3.100679874420166,-4.4691901206970215,-7.933529853820801,59.587501525878906,115.54374694824219,-173.62625122070312,1
2.1628198623657227,-4.287359714508057,-7.952669620513916,43.741249084472656,105.47250366210938,-161.25375366210938,1
1.7608799934387207,-4.229939937591553,-7.9430999755859375,35.4900016784668,101.1762466430664,-155.23374938964844,1
1.3685100078582764,-4.258649826049805,-7.83782958984375,27.238750457763672,97.20375061035156,-149.30999755859375,1
0.918720006942749,-4.134239673614502,-7.799549579620361,19.083749771118164,93.61624908447266,-143.40374755859375,1
0.4976399838924408,-4.086390018463135,-7.7134199142456055,10.998749732971191,90.4487533569336,-137.6374969482422,1
0.019139999523758888,-4.019400119781494,-7.66556978225708,3.3600001335144043,87.36000061035156,-132.08999633789062,1
-0.3445200026035309,-4.009829998016357,-7.608150005340576,-3.9987499713897705,84.62125396728516,-126.59500122070312,1
-0.7847399711608887,-3.9811198711395264,-7.560299873352051,-11.164999961853027,82.07499694824219,-121.25749969482422,1
-1.0814099311828613,-4.019400119781494,-7.49330997467041,-17.920000076293945,79.54624938964844,-116.05999755859375,1
-1.4450699090957642,-4.000259876251221,-7.474169731140137,-24.09749984741211,77.14875030517578,-111.16874694824219,1
-1.6843199729919434,-3.961979866027832,-7.416749954223633,-29.329999923706055,74.89125061035156,-106.30374908447266,1
-1.9044299125671387,-3.9236998558044434,-7.359329700469971,-33.599998474121094,72.50250244140625,-101.51750183105469,1
-2.095829963684082,-3.8567099571228027,-7.3114800453186035,-36.443748474121094,70.20124816894531,-96.76625061035156,1
-2.325510025024414,-3.789719820022583,-7.187069892883301,-38.04500198364258,67.66374969482422,-92.05000305175781,1
-2.6891698837280273,-3.818429946899414,-7.0817999839782715,-38.709999084472656,62.81624984741211,-83.16874694824219,1
-2.7753000259399414,-3.703589916229248,-7.139219760894775,-38.42124938964844,60.00749969482422,-78.79374694824219,1
-2.842289924621582,-3.5983200073242188,-7.09136962890625,-38.036251068115234,57.05875015258789,-74.67250061035156,1
-2.98583984375,-3.5217599868774414,-7.100939750671387,-37.756248474121094,54.241249084472656,-70.72624969482422,1
-2.98583984375,-3.445199966430664,-7.033949851989746,-37.747501373291016,51.4587516784668,-66.9375,1
-3.1485300064086914,-3.4260599613189697,-7.024379730224609,-38.088748931884766,48.74625015258789,-63.28874969482422,1
-3.2346599102020264,-3.4356298446655273,-6.986099720001221,-38.779998779296875,46.13875198364258,-59.85874938964844,1
-3.3399298191070557,-3.3973498344421387,-6.947819709777832,-39.5412483215332,43.505001068115234,-56.57749938964844,1
-3.56003999710083,-3.5408999919891357,-6.871259689331055,-40.372501373291016,40.818748474121094,-53.33124923706055,1
-3.7227299213409424,-3.445199966430664,-6.91910982131958,-40.993751525878906,38.09749984741211,-50.27750015258789,1
-3.990689992904663,-3.445199966430664,-6.861690044403076,-41.501251220703125,35.45500183105469,-47.18000030517578,1
-4.210799694061279,-3.416489839553833,-6.813839912414551,-41.71125030517578,32.935001373291016,-43.994998931884766,1
-4.564889907836914,-3.3686399459838867,-6.727709770202637,-41.54500198364258,27.825000762939453,-37.64250183105469,1
-4.823279857635498,-3.3112199306488037,-6.632009983062744,-39.716251373291016,23.170000076293945,-31.31624984741211,1
-4.995539665222168,-3.215519905090332,-6.612869739532471,-38.09749984741211,18.760000228881836,-25.042499542236328,1
-5.177370071411133,-3.1772398948669434,-6.612869739532471,-37.275001525878906,16.887500762939453,-21.857500076293945,1
-5.3592000007629395,-3.1676700115203857,-6.536309719085693,-36.46125030517578,15.154999732971191,-18.821250915527344,1
-5.502749919891357,-3.0528299808502197,-6.565019607543945,-35.682498931884766,13.518750190734863,-15.758749961853027,1
-5.5888800621032715,-2.9379899501800537,-6.498029708862305,-34.96500015258789,11.99625015258789,-12.827500343322754,1
-5.646299839019775,-2.8805699348449707,-6.4501800537109375,-34.27375030517578,10.75374984741211,-9.87874984741211,1
-5.713289737701416,-2.7178800106048584,-6.4501800537109375,-33.810001373291016,9.642499923706055,-7.105000019073486,1
-5.856839656829834,-2.6030399799346924,-6.411900043487549,-33.7400016784668,8.636250495910645,-4.480000019073486,1
-6.048239707946777,-2.4881999492645264,-6.431039810180664,-33.88875198364258,7.875,-1.9862500429153442,1
-6.086519718170166,-2.3159399032592773,-6.34490966796875,-34.334999084472656,7.332499980926514,0.26249998807907104,1
-6.096089839935303,-2.2202398777008057,-6.421469688415527,-34.96500015258789,6.929999828338623,2.2925000190734863,1
-6.1056599617004395,-2.0192699432373047,-6.364049911499023,-35.83124923706055,6.579999923706055,4.130000114440918,1
-6.17264986038208,-1.8470098972320557,-6.34490966796875,-37.029998779296875,6.300000190734863,5.809999942779541,1
-6.230069637298584,-1.6556099653244019,-6.3353400230407715,-38.36000061035156,6.037499904632568,7.463749885559082,1
-6.249209880828857,-1.5216299295425415,-6.297060012817383,-39.908748626708984,5.880000114440918,9.15250015258789,1
-6.201359748840332,-1.4737799167633057,-6.392759799957275,-41.693748474121094,5.783750057220459,10.666250228881836,1
-6.17264986038208,-1.4833499193191528,-6.268349647521973,-43.57500076293945,5.713749885559082,11.978750228881836,1
-6.134369850158691,-1.3780800104141235,-6.191789627075195,-45.4474983215332,5.62624979019165,13.2212495803833,1
-6.2204999923706055,-1.349370002746582,-6.182219982147217,-46.83000183105469,5.31125020980835,14.498749732971191,1
-6.4501800537109375,-1.234529972076416,-6.1056599617004395,-47.29375076293945,4.996250152587891,16.00374984741211,1
-6.622439861297607,-1.1579699516296387,-6.029099941253662,-46.70750045776367,4.663750171661377,17.622499465942383,1
-6.74685001373291,-1.062269926071167,-5.914259910583496,-45.193748474121094,4.130000114440918,19.389999389648438,1
-6.794699668884277,-0.9091500043869019,-5.914259910583496,-42.69124984741211,3.5,21.28874969482422,1
-6.756419658660889,-0.7655999660491943,-5.866409778594971,-39.5412483215332,2.773750066757202,23.40625,1
-6.775559902191162,-0.5741999745368958,-5.79941987991333,-36.1462516784668,2.0562500953674316,25.55875015258789,1
-6.737279891967773,-0.41150999069213867,-5.722859859466553,-32.57625198364258,1.3300000429153442,27.71125030517578,1
-6.727709770202637,-0.32537999749183655,-5.751569747924805,-29.1200008392334,0.7612500190734863,29.889999389648438,1
-6.765989780426025,-0.10526999831199646,-5.646299839019775,-25.829999923706055,0.11375000327825546,32.095001220703125,1
-6.775559902191162,0.08613000065088272,-5.665440082550049,-22.96000099182129,-0.42875000834465027,34.247501373291016,1
-6.8234100341796875,0.2870999872684479,-5.608019828796387,-20.352500915527344,-1.006250023841858,36.3125,1
-6.9382500648498535,0.47849997878074646,-5.5888800621032715,-18.270000457763672,-1.5575000047683716,38.23749923706055,1
-6.9669599533081055,0.6603299975395203,-5.569739818572998,-16.677499771118164,-1.96875,40.188751220703125,1
-6.832979679107666,0.8900099992752075,-5.550600051879883,-15.408750534057617,-2.3712499141693115,41.81624984741211,1
-6.832979679107666,1.0335599184036255,-5.454899787902832,-14.498749732971191,-2.668750047683716,43.41749954223633,1
-6.689429759979248,1.2153899669647217,-5.397480010986328,-13.737500190734863,-3.1237499713897705,44.86125183105469,1
-6.536309719085693,1.4546399116516113,-5.311349868774414,-12.958749771118164,-3.5875000953674316,46.252498626708984,1
-6.364049911499023,1.550339937210083,-5.282639980316162,-12.678750038146973,-4.138750076293945,47.57374954223633,1
-6.249209880828857,1.6747499704360962,-5.320919990539551,-12.888750076293945,-4.65500020980835,48.685001373291016,1
-6.249209880828857,1.8087300062179565,-5.320919990539551,-13.6850004196167,-5.09250020980835,49.743751525878906,1
-6.287489891052246,1.9522799253463745,-5.3592000007629395,-14.962499618530273,-5.442500114440918,50.618751525878906,1
-6.297060012817383,2.067119836807251,-5.282639980316162,-16.3799991607666,-5.6875,51.415000915527344,1
-6.37362003326416,2.210669994354248,-5.244359970092773,-17.71000099182129,-5.958750247955322,52.17625045776367,1
-6.37362003326416,2.296799898147583,-5.129519939422607,-18.55875015258789,-6.221250057220459,52.876251220703125,1
-6.364049911499023,2.497769832611084,-5.091239929199219,-18.917499542236328,-6.553750038146973,53.57625198364258,1
-6.34490966796875,2.641319990158081,-5.033819675445557,-18.58500099182129,-6.965000152587891,54.276248931884766,1
-6.210929870605469,2.7944400310516357,-5.024250030517578,-17.456249237060547,-7.288750171661377,55.037498474121094,1
-6.17264986038208,2.957129955291748,-4.861559867858887,-15.557499885559082,-7.743750095367432,55.73749923706055,1
-6.009959697723389,3.1102499961853027,-4.746719837188721,-12.801250457763672,-8.321249961853027,56.47249984741211,1
-5.8472700119018555,3.301649808883667,-4.651020050048828,-9.196249961853027,-9.117500305175781,57.19874954223633,1
-5.789849758148193,3.4356298446655273,-4.564889907836914,-4.777500152587891,-9.800000190734863,57.89875030517578,1
-5.722859859466553,3.5696098804473877,-4.440479755401611,0.4025000035762787,-10.675000190734863,58.51124954223633,1
-5.741999626159668,3.7131597995758057,-4.3543500900268555,6.107500076293945,-11.444999694824219,59.150001525878906,1
-4.651020050048828,6.124799728393555,-4.287359714508057,52.95500183105469,-18.52375030517578,64.8812484741211,1
-5.62716007232666,6.9382500648498535,-3.7131597995758057,-32.84749984741211,-18.58500099182129,50.98625183105469,1
-5.770709991455078,4.067249774932861,-4.258649826049805,18.637500762939453,-13.203749656677246,60.182498931884766,1
-5.770709991455078,4.191659927368164,-4.182089805603027,25.016250610351562,-13.859999656677246,60.76000213623047,1
-5.684579849243164,4.440479755401611,-4.191659927368164,31.5,-14.446249961853027,61.28499984741211,1
-5.608019828796387,4.737149715423584,-4.172519683837891,37.64250183105469,-14.866250038146973,61.94124984741211,1
-5.59844970703125,5.139090061187744,-4.191659927368164,43.338748931884766,-15.34749984741211,62.66749954223633,1
-5.541029930114746,5.502749919891357,-4.134239673614502,48.212501525878906,-15.802499771118164,63.568748474121094,1
-5.416619777679443,5.7037200927734375,-4.124670028686523,52.02750015258789,-16.467500686645508,64.4437484741211,1
-5.196509838104248,5.789849758148193,-4.134239673614502,54.3025016784668,-17.149999618530273,64.97750091552734,1
-4.85198974609375,5.904689788818359,-4.2395100593566895,54.713748931884766,-17.946250915527344,65.12625122070312,1
-6.54587984085083,7.646430015563965,-2.0862598419189453,6.326250076293945,-7.28000020980835,66.65750122070312,1
-4.497900009155273,6.115230083465576,-4.363919734954834,48.842498779296875,-19.040000915527344,64.26000213623047,1
-4.593599796295166,6.163079738616943,-4.478759765625,42.4900016784668,-19.2237491607666,63.157501220703125,1
-4.7275800704956055,6.230069637298584,-4.4691901206970215,34.22999954223633,-19.28499984741211,61.678749084472656,1
-5.043389797210693,6.354479789733887,-4.459619998931885,24.561250686645508,-19.083749771118164,60.060001373291016,1
-5.186939716339111,6.421469688415527,-4.383059978485107,13.895000457763672,-18.926250457763672,58.20500183105469,1
-5.244359970092773,6.5937299728393555,-4.287359714508057,3.0712499618530273,-18.926250457763672,56.32374954223633,1
-5.273069858551025,6.632009983062744,-4.210799694061279,-7.525000095367432,-18.751249313354492,54.63500213623047,1
-5.3592000007629395,6.727709770202637,-4.048110008239746,-17.219999313354492,-18.58500099182129,53.04249954223633,1
-5.483609676361084,6.8234100341796875,-3.847139835357666,-25.707500457763672,-18.462499618530273,51.834999084472656,1
-5.914259910583496,7.005239963531494,-3.445199966430664,-38.622501373291016,-18.58500099182129,50.505001068115234,1
-5.9716796875,7.033949851989746,-3.3494999408721924,-46.92625045776367,-18.864999771118164,50.3650016784668,1
-6.057809829711914,7.09136962890625,-3.0528299808502197,-51.14374923706055,-19.43375015258789,51.1875,1
-6.134369850158691,7.129649639129639,-2.9762699604034424,-51.77375030517578,-19.65250015258789,51.7912483215332,1
-6.287489891052246,7.139219760894775,-2.870999813079834,-51.65999984741211,-19.923749923706055,52.5525016784668,1
-6.54587984085083,7.187069892883301,-2.7753000259399414,-50.73250198364258,-20.221250534057617,53.51499938964844,1
-6.670289993286133,7.244489669799805,-2.6221799850463867,-48.9474983215332,-20.545000076293945,54.51250076293945,1
-6.756419658660889,7.29233980178833,-2.583899974822998,-46.4275016784668,-20.74625015258789,55.571250915527344,1
-6.7181396484375,7.359329700469971,-2.4881999492645264,-43.3650016784668,-20.8075008392334,56.778751373291016,1
-6.555449962615967,7.66556978225708,-2.1149699687957764,7.148749828338623,-6.5625,66.95500183105469,1
-6.536309719085693,7.732559680938721,-2.0575499534606934,8.303750038146973,-5.932499885559082,67.27874755859375,1
-6.469319820404053,7.732559680938721,-2.0575499534606934,9.616250038146973,-5.494999885559082,67.57624816894531,1
-6.498029708862305,7.789979934692383,-2.067119836807251,10.998749732971191,-4.943749904632568,67.82125091552734,1
-6.440609931945801,7.847399711608887,-2.0862598419189453,12.608750343322754,-4.514999866485596,68.01374816894531,1
-6.392759799957275,7.933529853820801,-2.0862598419189453,14.315000534057617,-4.182499885559082,68.31999969482422,1
-6.297060012817383,8.048369407653809,-2.1436798572540283,16.03874969482422,-3.71875,68.60874938964844,1
-6.258780002593994,8.17278003692627,-2.1628198623657227,17.815000534057617,-3.403749942779541,68.87999725341797,1
-6.268349647521973,8.249340057373047,-2.1723899841308594,19.626249313354492,-3.088750123977661,69.14250183105469,1
-5.62716007232666,9.29246997833252,-3.014549970626831,8.994999885559082,4.173749923706055,64.95999908447266,1
-5.560169696807861,9.349889755249023,-3.014549970626831,7.953750133514404,4.43625020980835,64.32125091552734,1
-5.4740400314331055,9.474299430847168,-3.0241198539733887,6.982500076293945,4.628749847412109,63.813751220703125,1
-5.483609676361084,9.321179389953613,-3.129390001296997,6.177500247955322,4.768750190734863,63.2712516784668,1
-5.4740400314331055,9.436019897460938,-3.0911099910736084,5.888750076293945,4.891250133514404,62.64125061035156,1
-5.454899787902832,9.589139938354492,-3.2633700370788574,5.976250171661377,4.900000095367432,62.08124923706055,1
-5.368769645690918,9.569999694824219,-3.0815398693084717,6.588749885559082,4.943749904632568,61.564998626708984,1
-5.301779747009277,9.617849349975586,-3.1485300064086914,7.411250114440918,4.65500020980835,60.99625015258789,1
-5.273069858551025,9.646559715270996,-3.2920799255371094,8.207500457763672,4.392499923706055,60.348751068115234,1
-5.234789848327637,9.675270080566406,-3.272939920425415,8.951250076293945,3.884999990463257,59.631248474121094,1
-5.196509838104248,9.742259979248047,-3.3494999408721924,9.712499618530273,3.6050000190734863,58.782501220703125,1
-5.119949817657471,9.790109634399414,-3.330359935760498,10.569999694824219,3.106250047683716,57.907501220703125,1
-5.110379695892334,9.837959289550781,-3.3686399459838867,11.261250495910645,2.5637500286102295,57.006248474121094,1
-5.05295991897583,9.895380020141602,-3.3973498344421387,12.1274995803833,2.0037500858306885,56.026248931884766,1
-5.081669807434082,9.952799797058105,-3.416489839553833,12.94124984741211,1.4350000619888306,55.07250213623047,1
-5.167799949645996,9.981510162353516,-3.473909854888916,13.510000228881836,0.9362500309944153,54.005001068115234,1
-5.177370071411133,10.01021957397461,-3.4643399715423584,14.148750305175781,0.44624999165534973,52.9375,1
-5.148659706115723,10.067639350891113,-3.5696098804473877,14.7787504196167,0.04374999925494194,51.92250061035156,1
-5.081669807434082,10.125060081481934,-3.502619981765747,15.198750495910645,-0.33250001072883606,50.88999938964844,1
-5.072099685668945,10.086779594421387,-3.531329870223999,15.574999809265137,-0.65625,49.717498779296875,1
-5.186939716339111,10.13463020324707,-3.7322998046875,15.994999885559082,-0.8137500286102295,48.553749084472656,1
-5.2252197265625,10.163339614868164,-3.617460012435913,16.729999542236328,-1.0850000381469727,47.31999969482422,1
-5.177370071411133,10.220759391784668,-3.6270298957824707,17.456249237060547,-1.4874999523162842,46.07749938964844,1
-5.1008100509643555,10.182479858398438,-3.7322998046875,18.200000762939453,-1.8112499713897705,44.7912483215332,1
-4.8424201011657715,10.153769493103027,-3.7418699264526367,19.591249465942383,-2.5112500190734863,42.29750061035156,1
-4.794569969177246,10.201620101928711,-3.8088598251342773,20.212499618530273,-2.8524999618530273,41.002498626708984,1
-4.698869705200195,10.220759391784668,-3.818429946899414,20.903749465942383,-3.2462499141693115,39.8125,1
-4.545749664306641,10.278180122375488,-3.818429946899414,22.881250381469727,-4.838749885559082,36.435001373291016,1
-4.478759765625,10.192049980163574,-3.847139835357666,23.37125015258789,-6.019999980926514,34.369998931884766,1
-4.536180019378662,10.153769493103027,-3.875849962234497,22.78499984741211,-7.139999866485596,32.506248474121094,1
-4.6127400398254395,10.1729097366333,-3.8854198455810547,22.006250381469727,-7.568749904632568,31.596250534057617,1
-4.622309684753418,10.153769493103027,-3.8854198455810547,20.921249389648438,-7.988749980926514,30.703750610351562,1
-4.603169918060303,10.125060081481934,-3.9428398609161377,19.565000534057617,-8.417500495910645,29.846250534057617,1
-4.6127400398254395,10.125060081481934,-3.904559850692749,18.051250457763672,-8.793749809265137,28.979999542236328,1
-4.545749664306641,10.086779594421387,-3.904559850692749,16.318750381469727,-9.178750038146973,28.174999237060547,1
-4.593599796295166,10.067639350891113,-3.904559850692749,14.551250457763672,-9.493749618530273,27.387500762939453,1
-4.689300060272217,9.981510162353516,-3.875849962234497,12.731249809265137,-9.852499961853027,26.565000534057617,1
-4.708439826965332,9.971940040588379,-3.8854198455810547,10.90250015258789,-10.263750076293945,25.795000076293945,1
-4.737149715423584,9.952799797058105,-3.8662798404693604,9.2837495803833,-10.526249885559082,24.989999771118164,1
-4.689300060272217,9.866669654846191,-3.8375699520111084,7.840000152587891,-10.823750495910645,24.228750228881836,1
-4.718009948730469,9.809249877929688,-3.875849962234497,6.527500152587891,-11.0337495803833,23.546249389648438,1
-4.651020050048828,9.818819999694824,-3.8567099571228027,5.494999885559082,-11.2787504196167,22.907499313354492,1
-4.584029674530029,9.790109634399414,-3.8567099571228027,4.681250095367432,-11.4975004196167,22.364999771118164,1
-4.488329887390137,9.751830101013184,-3.7992899417877197,4.15625,-11.742500305175781,21.857500076293945,1
-4.383059978485107,9.656129837036133,-3.7801499366760254,3.7975001335144043,-12.022500038146973,21.341249465942383,1
-4.296929836273193,9.617849349975586,-3.7418699264526367,3.6050000190734863,-12.28499984741211,20.81624984741211,1
-4.287359714508057,9.550859451293945,-3.7705798149108887,3.569999933242798,-12.678750038146973,20.448749542236328,1
-4.172519683837891,9.493439674377441,-3.761009931564331,3.5787501335144043,-13.107500076293945,19.985000610351562,1
-4.201230049133301,9.407309532165527,-3.703589916229248,3.4912500381469727,-13.422499656677246,19.591249465942383,1
-4.086390018463135,9.38817024230957,-3.6844499111175537,3.3687500953674316,-13.737500190734863,19.24125099182129,1
-4.057680130004883,9.33074951171875,-3.674880027770996,3.211250066757202,-13.895000457763672,18.856250762939453,1
-3.8567099571228027,9.29246997833252,-3.6653099060058594,2.9487500190734863,-14.157500267028809,18.6200008392334,1
-3.7514398097991943,9.244619369506836,-3.6366000175476074,2.5637500286102295,-14.315000534057617,18.418750762939453,1
-3.703589916229248,9.206339836120605,-3.617460012435913,2.047499895095825,-14.489999771118164,18.270000457763672,1
-3.6557400226593018,9.158490180969238,-3.5983200073242188,1.399999976158142,-14.69124984741211,18.094999313354492,1
-3.6366000175476074,9.062789916992188,-3.588749885559082,0.5074999928474426,-14.918749809265137,17.92875099182129,1
-3.6653099060058594,9.05321979522705,-3.588749885559082,-0.6737499833106995,-15.076250076293945,17.604999542236328,1
-3.703589916229248,9.014939308166504,-3.5696098804473877,-2.161250114440918,-15.286250114440918,17.167499542236328,1
-3.7227299213409424,8.95751953125,-3.5791800022125244,-3.893749952316284,-15.34749984741211,16.6512508392334,1
-3.789719820022583,8.967089653015137,-3.6270298957824707,-5.678750038146973,-15.417500495910645,16.15250015258789,1
-3.8375699520111084,8.91923999786377,-3.5983200073242188,-7.315000057220459,-15.338749885559082,15.636250495910645,1
-4.30649995803833,8.861820220947266,-3.3782098293304443,-4.077499866485596,-15.916250228881836,14.463749885559082,1
-3.9428398609161377,8.98622989654541,-3.588749885559082,-8.758749961853027,-15.163749694824219,15.163749694824219,1
-4.009829998016357,8.976659774780273,-3.56003999710083,-9.84375,-15.006250381469727,14.770000457763672,1
-4.038539886474609,8.947949409484863,-3.5217599868774414,-10.53499984741211,-15.023750305175781,14.446249961853027,1
-4.000259876251221,8.95751953125,-3.531329870223999,-10.727499961853027,-15.111249923706055,14.105000495910645,1
-3.990689992904663,8.91923999786377,-3.502619981765747,-10.605000495910645,-15.12874984741211,14.0,1
-4.067249774932861,8.91923999786377,-3.473909854888916,-10.036250114440918,-15.207500457763672,13.921250343322754,1
-4.048110008239746,8.89052963256836,-3.4547698497772217,-9.1875,-15.321249961853027,13.912500381469727,1
-4.201230049133301,8.909669876098633,-3.3686399459838867,-7.822500228881836,-15.4350004196167,14.03499984741211,1
-4.268219947814941,8.861820220947266,-3.3782098293304443,-6.116250038146973,-15.662500381469727,14.210000038146973,1
-4.182089805603027,8.785260200500488,-3.3973498344421387,6.177500247955322,-19.040000915527344,19.7137508392334,1
-4.009829998016357,8.833109855651855,-3.301649808883667,-11.742500305175781,-17.841249465942383,18.66374969482422,1
-4.3543500900268555,8.833109855651855,-3.3494999408721924,-1.8899999856948853,-16.143749237060547,14.84000015258789,1
-4.383059978485107,8.871389389038086,-3.3494999408721924,0.45500001311302185,-16.362499237060547,15.303750038146973,1
-4.344779968261719,8.871389389038086,-3.3494999408721924,2.721250057220459,-16.677499771118164,15.802499771118164,1
-4.335209846496582,8.823539733886719,-3.35906982421875,4.777500152587891,-17.010000228881836,16.327499389648438,1
-4.249079704284668,8.794829368591309,-3.3494999408721924,6.553750038146973,-17.386249542236328,16.8700008392334,1
-4.229939937591553,8.785260200500488,-3.3782098293304443,9.135000228881836,-18.462499618530273,18.514999389648438,1
-4.162950038909912,8.766119956970215,-3.3494999408721924,9.686249732971191,-18.646249771118164,18.917499542236328,1
-4.143809795379639,8.766119956970215,-3.4069199562072754,9.135000228881836,-18.856250762939453,19.21500015258789,1
-4.172519683837891,8.794829368591309,-3.4260599613189697,7.945000171661377,-18.987499237060547,19.556249618530273,1
-4.143809795379639,8.842679977416992,-3.4356298446655273,4.068749904632568,-19.03125,19.783750534057617,1
-4.172519683837891,8.852250099182129,-3.4260599613189697,1.8200000524520874,-18.926250457763672,19.827499389648438,1
-4.191659927368164,8.861820220947266,-3.4260599613189697,-0.6474999785423279,-18.8125,19.783750534057617,1
-4.182089805603027,8.785260200500488,-3.387779951095581,-3.088750123977661,-18.58500099182129,19.65250015258789,1
-4.10552978515625,8.833109855651855,-3.387779951095581,-5.538750171661377,-18.36625099182129,19.416250228881836,1
-4.067249774932861,8.804399490356445,-3.3686399459838867,-7.708750247955322,-18.22624969482422,19.258750915527344,1
-4.057680130004883,8.775690078735352,-3.3494999408721924,-9.546250343322754,-18.051250457763672,19.03125,1
-4.095959663391113,8.833109855651855,-3.3494999408721924,-10.823750495910645,-17.954999923706055,18.917499542236328,1
-4.095959663391113,8.823539733886719,-3.3399298191070557,-11.602499961853027,-17.86750030517578,18.7862491607666,1
-3.8854198455810547,8.852250099182129,-3.2825098037719727,-11.173749923706055,-18.00749969482422,18.602500915527344,1
-3.8375699520111084,8.804399490356445,-3.2633700370788574,-10.176250457763672,-18.243749618530273,18.576250076293945,1
-3.7227299213409424,8.804399490356445,-3.2825098037719727,-8.819999694824219,-18.576250076293945,18.488750457763672,1
-3.6844499111175537,8.746979713439941,-3.215519905090332,-7.070000171661377,-19.03125,18.375,1
-3.7227299213409424,8.785260200500488,-3.215519905090332,-5.276249885559082,-19.43375015258789,18.296249389648438,1
-3.7131597995758057,8.794829368591309,-3.2920799255371094,-3.3600001335144043,-19.8799991607666,18.313749313354492,1
-3.7131597995758057,8.842679977416992,-3.2633700370788574,-1.4262499809265137,-20.212499618530273,18.383750915527344,1
-3.703589916229248,8.833109855651855,-3.2537999153137207,0.6474999785423279,-20.641250610351562,18.375,1
-3.6940197944641113,8.95751953125,-3.244230031967163,2.7300000190734863,-21.017499923706055,18.506250381469727,1
-3.617460012435913,8.928810119628906,-3.2537999153137207,4.865000247955322,-21.385000228881836,18.698749542236328,1
-3.5696098804473877,9.005370140075684,-3.2537999153137207,6.755000114440918,-21.831249237060547,18.917499542236328,1
-3.5791800022125244,9.02450942993164,-3.2920799255371094,8.119999885559082,-22.207500457763672,19.188749313354492,1
-3.56003999710083,9.005370140075684,-3.2346599102020264,9.22249984741211,-22.5049991607666,19.416250228881836,1
-3.5408999919891357,9.062789916992188,-3.2920799255371094,9.7212495803833,-22.828750610351562,19.608749389648438,1
-3.4643399715423584,8.995800018310547,-3.244230031967163,9.7212495803833,-23.091249465942383,19.792499542236328,1
-3.4547698497772217,9.005370140075684,-3.244230031967163,9.178750038146973,-23.39750099182129,19.87125015258789,1
-3.4260599613189697,9.062789916992188,-3.244230031967163,8.041250228881836,-23.625,19.89750099182129,1
-3.416489839553833,9.05321979522705,-3.3112199306488037,6.50124979019165,-23.782499313354492,19.809999465942383,1
-3.445199966430664,9.005370140075684,-3.244230031967163,4.803750038146973,-23.861249923706055,19.72249984741211,1
-3.473909854888916,9.081930160522461,-3.272939920425415,2.703749895095825,-23.99250030517578,19.72249984741211,1
-3.5983200073242188,9.072360038757324,-3.0241198539733887,-6.606249809265137,-24.010000228881836,20.011249542236328,1
-3.4069199562072754,9.005370140075684,-3.215519905090332,0.5425000190734863,-24.0362491607666,19.573749542236328,1
-3.4643399715423584,8.98622989654541,-3.215519905090332,-1.5924999713897705,-24.0625,19.451250076293945,1
-3.4069199562072754,8.947949409484863,-3.2059500217437744,-3.5612499713897705,-24.0887508392334,19.337499618530273,1
-3.4643399715423584,8.95751953125,-3.2059500217437744,-5.267499923706055,-24.0887508392334,19.267499923706055,1
-3.4834799766540527,8.938380241394043,-3.158099889755249,-6.676249980926514,-24.176250457763672,19.267499923706055,1
-3.6270298957824707,9.005370140075684,-3.1102499961853027,-7.621250152587891,-24.02750015258789,19.328750610351562,1
-3.6078898906707764,9.02450942993164,-3.129390001296997,-8.006250381469727,-23.983749389648438,19.46875,1
-3.6366000175476074,9.05321979522705,-3.0528299808502197,-7.997499942779541,-23.940000534057617,19.65250015258789,1
-3.617460012435913,9.072360038757324,-3.0241198539733887,-7.490000247955322,-23.957500457763672,19.844999313354492,1
-3.5696098804473877,9.043649673461914,-3.0049798488616943,-5.486249923706055,-24.158750534057617,20.168750762939453,1
-3.588749885559082,9.02450942993164,-3.0049798488616943,-4.278749942779541,-24.325000762939453,20.282499313354492,1
-3.531329870223999,9.014939308166504,-2.9379899501800537,-2.896250009536743,-24.517499923706055,20.33500099182129,1
-3.4356298446655273,8.98622989654541,-2.928419828414917,-1.5399999618530273,-24.797500610351562,20.3700008392334,1
-3.4069199562072754,9.005370140075684,-2.957129955291748,-0.21875,-25.042499542236328,20.387500762939453,1
-3.3686399459838867,9.034079551696777,-2.8901398181915283,1.225000023841858,-25.357500076293945,20.291250228881836,1
-3.3112199306488037,9.043649673461914,-2.8901398181915283,2.4937500953674316,-25.733749389648438,20.247499465942383,1
-3.2920799255371094,9.091499328613281,-2.870999813079834,3.692500114440918,-25.969999313354492,20.229999542236328,1
-3.2059500217437744,9.101069450378418,-2.8040099143981934,5.862500190734863,-26.696250915527344,20.072500228881836,1
-3.158099889755249,9.120209693908691,-2.8518600463867188,7.367499828338623,-27.352500915527344,19.8799991607666,1
-3.129390001296997,9.187199592590332,-2.8231499195098877,7.813750267028809,-27.96500015258789,19.7137508392334,1
-3.1102499961853027,9.235050201416016,-2.7753000259399414,6.938750267028809,-28.4637508392334,19.46000099182129,1
-3.1102499961853027,9.225480079650879,-2.81358003616333,5.005000114440918,-28.64750099182129,19.0049991607666,1
-3.158099889755249,9.244619369506836,-2.784869909286499,3.788749933242798,-28.58625030517578,18.760000228881836,1
-3.0911099910736084,9.273329734802246,-2.7178800106048584,2.528749942779541,-28.64750099182129,18.5674991607666,1
-3.0911099910736084,9.282899856567383,-2.6508898735046387,1.3300000429153442,-28.524999618530273,18.34000015258789,1
-3.071969985961914,9.282899856567383,-2.6508898735046387,0.42000001668930054,-28.50749969482422,18.103750228881836,1
-3.0336899757385254,9.282899856567383,-2.555189847946167,-0.23624999821186066,-28.323749542236328,17.86750030517578,1
-3.1102499961853027,9.29246997833252,-2.5169098377227783,-0.35875001549720764,-27.903749465942383,17.701250076293945,1
-3.1485300064086914,9.26375961303711,-2.497769832611084,0.061250001192092896,-27.78125,17.657499313354492,1
-3.1102499961853027,9.273329734802246,-2.4594898223876953,0.5249999761581421,-27.667499542236328,17.596250534057617,1
-3.0911099910736084,9.26375961303711,-2.4307799339294434,1.1375000476837158,-27.483749389648438,17.604999542236328,1
-3.0336899757385254,9.321179389953613,-2.4307799339294434,1.6974999904632568,-27.317501068115234,17.64875030517578,1
-2.9666998386383057,9.302040100097656,-2.411639928817749,2.625,-27.046249389648438,17.701250076293945,1
-2.928419828414917,9.29246997833252,-2.3924999237060547,2.9487500190734863,-26.862499237060547,17.78874969482422,1
-2.9092798233032227,9.302040100097656,-2.3637900352478027,2.84375,-26.748750686645508,17.946250915527344,1
-2.8614299297332764,9.321179389953613,-2.3350799083709717,2.5199999809265137,-26.486249923706055,18.331249237060547,1
-2.8231499195098877,9.321179389953613,-2.354219913482666,2.362499952316284,-26.363750457763672,18.462499618530273,1
-2.81358003616333,9.369029998779297,-2.3637900352478027,2.1262500286102295,-26.136249542236328,18.66374969482422,1
-2.7657299041748047,9.349889755249023,-2.3733599185943604,1.784999966621399,-25.829999923706055,18.908750534057617,1
-2.7083098888397217,9.321179389953613,-2.2872300148010254,1.3300000429153442,-25.602500915527344,19.127500534057617,1
-2.6508898735046387,9.369029998779297,-2.296799898147583,0.7699999809265137,-25.243749618530273,19.31999969482422,1
-2.5647599697113037,9.35945987701416,-2.2872300148010254,-0.04374999925494194,-24.876249313354492,19.424999237060547,1
-2.6030399799346924,9.369029998779297,-2.3063700199127197,-0.9800000190734863,-24.395000457763672,19.50374984741211,1
-2.641319990158081,9.378600120544434,-2.325510025024414,-1.9512499570846558,-23.80875015258789,19.50374984741211,1
-2.6221799850463867,9.340319633483887,-2.268090009689331,-3.106250047683716,-23.17875099182129,19.424999237060547,1
-2.6508898735046387,9.321179389953613,-2.2872300148010254,-4.103750228881836,-22.513750076293945,19.302499771118164,1
-2.6604599952697754,9.321179389953613,-2.2872300148010254,-5.013750076293945,-21.90999984741211,19.145000457763672,1
-2.641319990158081,9.321179389953613,-2.2585198879241943,-5.6875,-21.2450008392334,18.899999618530273,1
-2.5743298530578613,9.33074951171875,-2.210669994354248,-5.949999809265137,-20.667499542236328,18.655000686645508,1
-2.583899974822998,9.244619369506836,-2.2489500045776367,-5.818749904632568,-20.046249389648438,18.313749313354492,1
-2.5456199645996094,9.244619369506836,-2.2202398777008057,-5.320000171661377,-19.643749237060547,18.024999618530273,1
-2.5456199645996094,9.273329734802246,-2.2202398777008057,-4.226250171661377,-19.18000030517578,17.90250015258789,1
-2.5073399543762207,9.321179389953613,-2.153249979019165,-2.721250057220459,-18.856250762939453,17.71000099182129,1
-2.5360498428344727,9.349889755249023,-2.1915299892425537,-0.6299999952316284,-18.62874984741211,17.639999389648438,1
-2.5073399543762207,9.33074951171875,-2.1436798572540283,1.7324999570846558,-18.392499923706055,17.5262508392334,1
-2.5647599697113037,9.369029998779297,-2.1915299892425537,4.304999828338623,-18.270000457763672,17.5262508392334,1
-2.6508898735046387,9.35945987701416,-2.1436798572540283,6.982500076293945,-18.1825008392334,17.53499984741211,1
-2.6604599952697754,9.378600120544434,-2.1436798572540283,9.686249732971191,-18.15625,17.587499618530273,1
-2.6796000003814697,9.378600120544434,-2.1149699687957764,12.241250038146973,-18.077499389648438,17.56999969482422,1
-2.842289924621582,9.656129837036133,-2.3446500301361084,17.9637508392334,-17.114999771118164,17.893749237060547,1
-2.7370200157165527,9.407309532165527,-2.1436798572540283,14.647500038146973,-18.19124984741211,17.622499465942383,1
-2.7083098888397217,9.483869552612305,-2.1723899841308594,16.721250534057617,-18.235000610351562,17.657499313354492,1
-2.7083098888397217,9.512579917907715,-2.1628198623657227,18.488750457763672,-18.200000762939453,17.771249771118164,1
-2.6891698837280273,9.560429573059082,-2.2202398777008057,19.827499389648438,-18.14750099182129,17.893749237060547,1
-2.698740005493164,9.541289329528809,-2.210669994354248,20.614999771118164,-18.094999313354492,17.981250762939453,1
-2.6796000003814697,9.560429573059082,-2.2489500045776367,20.912500381469727,-18.12125015258789,17.989999771118164,1
-2.698740005493164,9.531720161437988,-2.2872300148010254,20.737499237060547,-17.885000228881836,17.998750686645508,1
-2.7944400310516357,9.589139938354492,-2.2585198879241943,20.081249237060547,-17.666250228881836,17.981250762939453,1
-2.81358003616333,9.617849349975586,-2.3063700199127197,19.127500534057617,-17.421249389648438,17.954999923706055,1
-2.81358003616333,9.684840202331543,-2.2776598930358887,16.55500030517578,-16.91374969482422,17.954999923706055,1
-2.7944400310516357,9.713549613952637,-2.3446500301361084,15.111249923706055,-16.65999984741211,17.90250015258789,1
-2.81358003616333,9.675270080566406,-2.3063700199127197,13.413749694824219,-16.3799991607666,17.893749237060547,1
-2.81358003616333,9.694409370422363,-2.325510025024414,11.576250076293945,-16.196250915527344,17.885000228881836,1
-2.8327200412750244,9.7039794921875,-2.3350799083709717,9.712499618530273,-15.942500114440918,17.815000534057617,1
-2.8231499195098877,9.627419471740723,-2.382930040359497,7.708750247955322,-15.75,17.771249771118164,1
-2.8805699348449707,9.656129837036133,-2.3446500301361084,5.722499847412109,-15.618749618530273,17.68375015258789,1
-2.81358003616333,9.63698959350586,-2.354219913482666,3.8762500286102295,-15.513750076293945,17.49125099182129,1
-2.8040099143981934,9.656129837036133,-2.3063700199127197,2.283750057220459,-15.399999618530273,17.386249542236328,1
-2.7657299041748047,9.646559715270996,-2.3159399032592773,1.0237499475479126,-15.356249809265137,17.202499389648438,1
-2.7657299041748047,9.742259979248047,-2.268090009689331,4.987500190734863,-16.362499237060547,15.6537504196167,1
-2.8327200412750244,9.66569995880127,-2.3159399032592773,0.19249999523162842,-15.329999923706055,17.0625,1
-2.7944400310516357,9.66569995880127,-2.2872300148010254,-0.22750000655651093,-15.329999923706055,16.91374969482422,1
-2.842289924621582,9.63698959350586,-2.2776598930358887,-0.27125000953674316,-15.417500495910645,16.77375030517578,1
-2.784869909286499,9.646559715270996,-2.296799898147583,0.0,-15.557499885559082,16.69499969482422,1
-2.7944400310516357,9.646559715270996,-2.3063700199127197,0.5600000023841858,-15.645000457763672,16.4325008392334,1
-2.784869909286499,9.63698959350586,-2.2585198879241943,1.3300000429153442,-15.793749809265137,16.388750076293945,1
-2.8040099143981934,9.675270080566406,-2.2393798828125,2.1787500381469727,-15.986249923706055,16.17875099182129,1
-2.8614299297332764,9.694409370422363,-2.2489500045776367,3.088750123977661,-16.11750030517578,16.012500762939453,1
-2.842289924621582,9.7039794921875,-2.2489500045776367,4.068749904632568,-16.204999923706055,15.846250534057617,1
-2.7657299041748047,9.780539512634277,-2.2298099994659424,5.801249980926514,-16.520000457763672,15.513750076293945,1
-2.756160020828247,9.723119735717773,-2.2585198879241943,6.413750171661377,-16.581249237060547,15.399999618530273,1
-2.7944400310516357,9.751830101013184,-2.2298099994659424,6.62375020980835,-16.642499923706055,15.303750038146973,1
-2.784869909286499,9.77096939086914,-2.210669994354248,6.615000247955322,-16.686250686645508,15.146249771118164,1
-2.842289924621582,9.742259979248047,-2.268090009689331,6.413750171661377,-16.738750457763672,15.006250381469727,1
-2.7753000259399414,9.79967975616455,-2.2298099994659424,5.818749904632568,-16.642499923706055,14.805000305175781,1
-2.8231499195098877,9.79967975616455,-2.2202398777008057,4.978750228881836,-16.55500030517578,14.638750076293945,1
-2.7370200157165527,9.780539512634277,-2.2489500045776367,3.9549999237060547,-16.39750099182129,14.507499694824219,1
-2.6796000003814697,9.818819999694824,-2.181959867477417,2.747499942779541,-16.301250457763672,14.3412504196167,1
-2.727449893951416,9.857099533081055,-2.2489500045776367,1.5049999952316284,-16.15250015258789,14.227499961853027,1
-2.526479959487915,9.962369918823242,-2.0288400650024414,-7.769999980926514,-12.425000190734863,13.116250038146973,1
-2.727449893951416,9.828390121459961,-2.1915299892425537,0.1837500035762787,-15.925000190734863,14.210000038146973,1
-2.7178800106048584,9.837959289550781,-2.181959867477417,-1.1987500190734863,-15.71500015258789,14.069999694824219,1
-2.6508898735046387,9.866669654846191,-2.2010998725891113,-2.380000114440918,-15.356249809265137,14.017499923706055,1
-2.6030399799346924,9.876239776611328,-2.1436798572540283,-4.401249885559082,-14.84000015258789,13.772500038146973,1
-2.5073399543762207,9.895380020141602,-2.153249979019165,-5.197500228881836,-14.586250305175781,13.755000114440918,1
-2.4499199390411377,9.914519309997559,-2.1149699687957764,-6.090000152587891,-14.148750305175781,13.614999771118164,1
-2.4881999492645264,9.914519309997559,-2.0766899585723877,-6.851250171661377,-13.728750228881836,13.4662504196167,1
-2.5073399543762207,9.904950141906738,-2.067119836807251,-7.341249942779541,-13.300000190734863,13.326250076293945,1
-2.4881999492645264,9.895380020141602,-2.0479798316955566,-7.65625,-12.880000114440918,13.265000343322754,1
-2.4594898223876953,9.904950141906738,-2.0001299381256104,-7.525000095367432,-11.532500267028809,12.880000114440918,1
-2.4786298274993896,9.914519309997559,-1.9714199304580688,-7.192500114440918,-11.007499694824219,12.529999732971191,1
-2.4594898223876953,9.924089431762695,-1.9331399202346802,-6.474999904632568,-10.071249961853027,12.363750457763672,1
-2.5360498428344727,9.924089431762695,-2.038409948348999,-6.18625020980835,-9.625,12.188750267028809,1
-2.5360498428344727,9.952799797058105,-1.9139999151229858,-5.74875020980835,-9.108750343322754,11.882499694824219,1
-2.497769832611084,9.924089431762695,-1.9714199304580688,-3.8499999046325684,-7.65625,11.453749656677246,1
-2.526479959487915,9.914519309997559,-1.9139999151229858,-2.1700000762939453,-6.973750114440918,11.051250457763672,1
-2.469059944152832,9.904950141906738,-1.9522799253463745,-0.5600000023841858,-6.396250247955322,10.46500015258789,1
-2.4307799339294434,9.837959289550781,-2.0001299381256104,0.3149999976158142,-5.914999961853027,9.782500267028809,1
-2.354219913482666,9.895380020141602,-1.9331399202346802,0.8662499785423279,-5.74875020980835,9.44124984741211,1
-2.382930040359497,9.818819999694824,-1.9427099227905273,1.3037500381469727,-5.643750190734863,9.135000228881836,1
-2.3924999237060547,9.790109634399414,-1.980989933013916,1.6800000667572021,-5.547500133514404,8.837499618530273,1
-2.3924999237060547,9.780539512634277,-1.9905599355697632,1.9950000047683716,-5.477499961853027,8.505000114440918,1
-2.382930040359497,9.723119735717773,-2.0001299381256104,2.143749952316284,-5.53000020980835,8.163749694824219,1
-2.4212100505828857,9.723119735717773,-2.0001299381256104,2.0037500858306885,-5.547500133514404,7.822500228881836,1
-2.382930040359497,9.675270080566406,-2.009700059890747,1.8899999856948853,-5.477499961853027,7.516250133514404,1
-2.4881999492645264,9.66569995880127,-2.009700059890747,1.8112499713897705,-5.40749979019165,7.28000020980835,1
-2.411639928817749,9.656129837036133,-1.9714199304580688,1.8112499713897705,-5.40749979019165,7.096250057220459,1
-2.4499199390411377,9.646559715270996,-1.9618499279022217,2.012500047683716,-5.40749979019165,6.877500057220459,1
-2.4212100505828857,9.646559715270996,-1.9905599355697632,2.3012499809265137,-5.521250247955322,6.78125,1
-2.4020700454711914,9.646559715270996,-2.0001299381256104,2.6162500381469727,-5.521250247955322,6.737500190734863,1
-2.4212100505828857,9.579569816589355,-1.9905599355697632,2.896250009536743,-5.521250247955322,6.650000095367432,1
-2.3924999237060547,9.560429573059082,-2.009700059890747,3.325000047683716,-5.573750019073486,6.448750019073486,1
-2.354219913482666,9.531720161437988,-1.980989933013916,3.377500057220459,-5.643750190734863,6.40500020980835,1
-2.3637900352478027,9.541289329528809,-2.0001299381256104,3.237499952316284,-5.792500019073486,6.317500114440918,1
-2.3446500301361084,9.541289329528809,-1.9905599355697632,2.983750104904175,-5.932499885559082,6.264999866485596,1
-2.3159399032592773,9.493439674377441,-2.0192699432373047,2.6424999237060547,-5.993750095367432,6.151249885559082,1
-2.3637900352478027,9.503009796142578,-2.0192699432373047,2.2750000953674316,-6.090000152587891,6.107500076293945,1
-2.3063700199127197,9.493439674377441,-2.009700059890747,1.6800000667572021,-6.159999847412109,6.002500057220459,1
-2.2872300148010254,9.503009796142578,-2.0575499534606934,1.0149999856948853,-6.247499942779541,5.897500038146973,1
-2.1915299892425537,9.416879653930664,-1.9427099227905273,-5.958750247955322,-6.221250057220459,6.317500114440918,1
-2.2298099994659424,9.4264497756958,-2.0192699432373047,-0.4637500047683716,-6.317500114440918,5.722499847412109,1
-2.2298099994659424,9.455160140991211,-2.038409948348999,-1.3737499713897705,-6.300000190734863,5.740000247955322,1
-2.3063700199127197,9.503009796142578,-2.0479798316955566,-2.1524999141693115,-6.335000038146973,5.731249809265137,1
-2.268090009689331,9.416879653930664,-1.9905599355697632,-3.0012500286102295,-6.308750152587891,5.704999923706055,1
-2.296799898147583,9.493439674377441,-2.009700059890747,-3.7274999618530273,-6.238749980926514,5.731249809265137,1
-2.2585198879241943,9.445590019226074,-2.0479798316955566,-4.322500228881836,-6.28249979019165,5.792500019073486,1
-2.268090009689331,9.455160140991211,-2.0001299381256104,-4.803750038146973,-6.264999866485596,5.836249828338623,1
-2.2393798828125,9.455160140991211,-1.9044299125671387,-5.153749942779541,-6.18625020980835,5.976250171661377,1
-2.2489500045776367,9.455160140991211,-1.9522799253463745,-5.565000057220459,-6.168749809265137,6.142499923706055,1
-2.2298099994659424,9.407309532165527,-1.9331399202346802,-6.352499961853027,-6.230000019073486,6.483749866485596,1
-2.210669994354248,9.38817024230957,-1.9427099227905273,-6.807499885559082,-6.256249904632568,6.711249828338623,1
-2.2298099994659424,9.445590019226074,-1.923569917678833,-7.21875,-6.308750152587891,6.938750267028809,1
-2.210669994354248,9.483869552612305,-1.9139999151229858,-7.586249828338623,-6.483749866485596,7.271250247955322,1
-2.181959867477417,9.416879653930664,-1.9139999151229858,-7.945000171661377,-6.553750038146973,7.507500171661377,1
-2.124539852142334,9.445590019226074,-1.9618499279022217,-8.399999618530273,-6.667500019073486,7.726250171661377,1
-2.124539852142334,9.436019897460938,-1.9714199304580688,-8.837499618530273,-6.824999809265137,7.866250038146973,1
-2.038409948348999,9.407309532165527,-1.9522799253463745,-9.345000267028809,-6.982500076293945,8.137499809265137,1
-2.0192699432373047,9.407309532165527,-1.980989933013916,-9.84375,-7.052500247955322,8.321249961853027,1
-2.0001299381256104,9.416879653930664,-1.9427099227905273,-10.307499885559082,-7.192500114440918,8.505000114440918,1
-2.2393798828125,9.579569816589355,-1.9714199304580688,-8.023750305175781,-4.383749961853027,11.488750457763672,1
-2.0001299381256104,9.4264497756958,-1.9714199304580688,-10.71875,-7.21875,8.793749809265137,1
-1.980989933013916,9.455160140991211,-2.009700059890747,-11.086250305175781,-7.078750133514404,8.960000038146973,1
-1.9905599355697632,9.436019897460938,-2.0288400650024414,-11.164999961853027,-7.0,9.266249656677246,1
-2.0192699432373047,9.483869552612305,-2.0479798316955566,-11.19124984741211,-6.684999942779541,9.598750114440918,1
-2.1149699687957764,9.522150039672852,-2.0192699432373047,-11.077500343322754,-6.492499828338623,9.948750495910645,1
-2.1053998470306396,9.503009796142578,-2.038409948348999,-10.640000343322754,-6.133749961853027,10.272500038146973,1
-2.1149699687957764,9.522150039672852,-1.9905599355697632,-10.193750381469727,-5.836249828338623,10.543749809265137,1
-2.1436798572540283,9.541289329528809,-1.980989933013916,-9.598750114440918,-5.372499942779541,10.893750190734863,1
-2.181959867477417,9.579569816589355,-1.9905599355697632,-8.855000495910645,-4.829999923706055,11.19124984741211,1
-2.210669994354248,9.589139938354492,-1.980989933013916,-7.376250267028809,-3.9375,11.654999732971191,1
-2.2202398777008057,9.550859451293945,-1.9905599355697632,-6.868750095367432,-3.307500123977661,11.829999923706055,1
-2.2202398777008057,9.550859451293945,-1.9522799253463745,-6.413750171661377,-2.7387499809265137,11.899999618530273,1
-2.2010998725891113,9.550859451293945,-2.0192699432373047,-6.474999904632568,-1.0325000286102295,11.681249618530273,1
-2.2776598930358887,9.598710060119629,-1.9522799253463745,-6.632500171661377,-0.42875000834465027,11.4712495803833,1
-2.2010998725891113,9.579569816589355,-1.9618499279022217,-6.894999980926514,0.12250000238418579,11.305000305175781,1
-2.296799898147583,9.598710060119629,-1.9522799253463745,-7.113749980926514,0.6474999785423279,11.19124984741211,1
-2.268090009689331,9.627419471740723,-1.9714199304580688,-7.271250247955322,1.0412499904632568,10.989999771118164,1
-2.268090009689331,9.63698959350586,-1.9714199304580688,-7.262499809265137,1.399999976158142,10.893750190734863,1
-2.325510025024414,9.627419471740723,-1.9427099227905273,-7.105000019073486,1.75,10.762499809265137,1
-2.1723899841308594,9.847529411315918,-1.9714199304580688,2.2225000858306885,3.088750123977661,10.3774995803833,1
-2.2298099994659424,9.646559715270996,-1.9905599355697632,-6.711249828338623,1.9950000047683716,10.657500267028809,1
-2.325510025024414,9.684840202331543,-2.009700059890747,-6.090000152587891,2.353749990463257,10.5962495803833,1
-2.2393798828125,9.7039794921875,-1.9714199304580688,-5.171249866485596,2.598750114440918,10.517499923706055,1
-2.2585198879241943,9.713549613952637,-1.9427099227905273,-4.09499979019165,2.7125000953674316,10.517499923706055,1
-2.210669994354248,9.742259979248047,-1.8757199048995972,-2.8612499237060547,2.799999952316284,10.456250190734863,1
-2.2298099994659424,9.751830101013184,-1.9044299125671387,-1.627500057220459,2.791249990463257,10.46500015258789,1
-2.2489500045776367,9.751830101013184,-1.9522799253463745,-0.4637500047683716,2.8262500762939453,10.456250190734863,1
-2.210669994354248,9.76140022277832,-2.0192699432373047,0.5425000190734863,2.922499895095825,10.412500381469727,1
-2.1915299892425537,9.818819999694824,-1.9522799253463745,1.4874999523162842,3.018749952316284,10.430000305175781,1
-2.1436798572540283,9.885809898376465,-1.980989933013916,2.6862499713897705,3.141249895095825,10.324999809265137,1
-2.1341099739074707,9.962369918823242,-1.9522799253463745,3.158750057220459,3.158750057220459,10.263750076293945,1
-2.1436798572540283,9.924089431762695,-2.038409948348999,3.430000066757202,3.351249933242798,10.263750076293945,1
-2.1628198623657227,9.971940040588379,-2.0001299381256104,3.456249952316284,3.3862500190734863,10.193750381469727,1
-2.153249979019165,9.991079330444336,-2.038409948348999,3.28125,3.3949999809265137,10.114999771118164,1
-2.1436798572540283,10.048500061035156,-2.0479798316955566,2.8087499141693115,3.5350000858306885,10.001250267028809,1
-2.1436798572540283,10.019789695739746,-2.0862598419189453,2.0999999046325684,3.745000123977661,9.765000343322754,1
-2.1436798572540283,10.029359817504883,-2.1149699687957764,1.0850000381469727,3.9549999237060547,9.598750114440918,1
-2.095829963684082,10.07720947265625,-2.1053998470306396,0.0,4.042500019073486,9.336250305175781,1
-2.0766899585723877,10.07720947265625,-2.1053998470306396,-1.181249976158142,4.21750020980835,8.960000038146973,1
-2.0575499534606934,10.07720947265625,-2.1436798572540283,-2.3012499809265137,4.383749961853027,8.645000457763672,1
-2.009700059890747,10.058070182800293,-2.1723899841308594,-4.602499961853027,4.471250057220459,7.743750095367432,1
-1.9044299125671387,10.048500061035156,-2.181959867477417,-6.378749847412109,4.43625020980835,6.711249828338623,1
-1.8565798997879028,10.067639350891113,-2.1149699687957764,-7.052500247955322,4.007500171661377,5.565000057220459,1
-1.7704499959945679,10.067639350891113,-2.0862598419189453,-6.536250114440918,3.3687500953674316,4.462500095367432,1
-1.7417399883270264,10.086779594421387,-2.0766899585723877,-5.809999942779541,2.9049999713897705,3.9549999237060547,1
-1.7130299806594849,10.086779594421387,-2.038409948348999,-3.762500047683716,1.837499976158142,3.115000009536743,1
-1.722599983215332,10.096349716186523,-2.0575499534606934,-2.625,1.3125,2.677500009536743,1
-1.6843199729919434,10.10591983795166,-2.0862598419189453,-1.6100000143051147,0.7699999809265137,2.309999942779541,1
-1.6268999576568604,10.182479858398438,-2.095829963684082,-0.6299999952316284,0.24500000476837158,1.9424999952316284,1
-1.5599099397659302,10.192049980163574,-2.038409948348999,0.1574999988079071,-0.27125000953674316,1.6362500190734863,1
-1.5311999320983887,10.182479858398438,-2.0862598419189453,0.7875000238418579,-0.831250011920929,1.3037500381469727,1
-1.4833499193191528,10.163339614868164,-2.1053998470306396,1.1200000047683716,-1.277500033378601,1.1024999618530273,1
-1.4450699090957642,10.211189270019531,-2.095829963684082,1.2074999809265137,-1.7237499952316284,0.831250011920929,1
-1.4546399116516113,10.278180122375488,-2.0766899585723877,1.1549999713897705,-2.1524999141693115,0.6299999952316284,1
-1.4546399116516113,10.1729097366333,-2.067119836807251,0.5950000286102295,-2.484999895095825,0.4112499952316284,1
-1.4163600206375122,10.192049980163574,-2.0862598419189453,-0.21875,-2.7300000190734863,0.20125000178813934,1
-1.3972200155258179,10.192049980163574,-2.1053998470306396,-1.2949999570846558,-2.940000057220459,0.05250000208616257,1
-1.3398000001907349,10.163339614868164,-2.1149699687957764,-2.5199999809265137,-3.1500000953674316,-0.17499999701976776,1
-1.3015199899673462,10.163339614868164,-2.1053998470306396,-3.9200000762939453,-3.255000114440918,-0.3062500059604645,1
-1.1579699516296387,9.73268985748291,-1.9044299125671387,-14.052499771118164,-3.5875000953674316,-1.058750033378601,1
-1.0718399286270142,9.35945987701416,-1.7513099908828735,-10.823750495910645,-3.106250047683716,0.8837500214576721,1
-1.3110899925231934,10.14419937133789,-2.1053998470306396,-5.46875,-3.421250104904175,-0.48124998807907104,1
-1.291949987411499,10.096349716186523,-2.1149699687957764,-7.052500247955322,-3.430000066757202,-0.5950000286102295,1
-1.2728099822998047,10.019789695739746,-2.009700059890747,-8.56624984741211,-3.543750047683716,-0.7175000309944153,1
-1.2249599695205688,10.03892993927002,-1.980989933013916,-10.001250267028809,-3.5612499713897705,-0.8924999833106995,1
-1.2153899669647217,9.981510162353516,-2.0479798316955566,-11.234999656677246,-3.5350000858306885,-1.0325000286102295,1
-1.1866799592971802,9.885809898376465,-1.980989933013916,-12.328749656677246,-3.5174999237060547,-1.058750033378601,1
-1.2058199644088745,9.876239776611328,-1.9714199304580688,-13.107500076293945,-3.569999933242798,-1.1637500524520874,1
-1.1579699516296387,9.790109634399414,-1.9331399202346802,-13.59749984741211,-3.552500009536743,-1.1462500095367432,1
-1.1579699516296387,9.742259979248047,-1.86614990234375,-13.930000305175781,-3.5350000858306885,-1.0762499570846558,1
-1.2153899669647217,9.675270080566406,-1.9044299125671387,-14.078749656677246,-3.5612499713897705,-1.0325000286102295,1
-1.1483999490737915,9.569999694824219,-1.8948599100112915,-13.938750267028809,-3.4912500381469727,-0.9449999928474426,1
-1.1388299465179443,9.569999694824219,-1.8565798997879028,-13.74625015258789,-3.456249952316284,-0.8837500214576721,1
-1.11968994140625,9.503009796142578,-1.837440013885498,-13.457500457763672,-3.333750009536743,-0.7787500023841858,1
-1.1005499362945557,9.474299430847168,-1.8278700113296509,-13.09000015258789,-3.2899999618530273,-0.5162500143051147,1
-1.0909799337387085,9.464729309082031,-1.8183000087738037,-12.626250267028809,-3.237499952316284,-0.38499999046325684,1
-1.0526999235153198,9.436019897460938,-1.7704499959945679,-12.118749618530273,-3.1762499809265137,-0.14875000715255737,1
-1.0814099311828613,9.407309532165527,-1.780019998550415,-11.550000190734863,-3.115000009536743,0.23624999821186066,1
-1.1388299465179443,9.378600120544434,-1.780019998550415,-11.112500190734863,-3.132499933242798,0.5512499809265137,1
-1.1483999490737915,9.35945987701416,-1.7704499959945679,-10.605000495910645,-3.088750123977661,1.2687499523162842,1
-1.1675399541854858,9.349889755249023,-1.7513099908828735,-10.482500076293945,-3.0537500381469727,1.6362500190734863,1
-1.2153899669647217,9.321179389953613,-1.7130299806594849,-10.386250495910645,-2.9749999046325684,2.047499895095825,1
-1.1675399541854858,9.26375961303711,-1.7130299806594849,-10.088749885559082,-2.940000057220459,2.896250009536743,1
-1.2153899669647217,9.282899856567383,-1.6173299551010132,-9.887499809265137,-2.9049999713897705,3.9725000858306885,1
-1.2249599695205688,9.273329734802246,-1.5694799423217773,-9.2837495803833,-2.983750104904175,4.497499942779541,1
-1.3302299976348877,9.349889755249023,-1.5886199474334717,-8.907500267028809,-2.9049999713897705,5.573750019073486,1
-1.3685100078582764,9.340319633483887,-1.5407699346542358,-8.942500114440918,-2.773750066757202,6.06374979019165,1
-1.435499906539917,9.35945987701416,-1.5694799423217773,-9.056249618530273,-2.598750114440918,6.5625,1
-1.4546399116516113,9.33074951171875,-1.5599099397659302,-9.248749732971191,-2.380000114440918,6.991250038146973,1
-1.5981899499893188,9.39773941040039,-1.492919921875,-8.329999923706055,-0.017500000074505806,9.239999771118164,1
-1.4737799167633057,9.321179389953613,-1.5694799423217773,-9.467499732971191,-2.161250114440918,7.358749866485596,1
-1.4737799167633057,9.349889755249023,-1.5311999320983887,-9.625,-1.9862500429153442,7.71750020980835,1
-1.5120599269866943,9.378600120544434,-1.5024899244308472,-9.84375,-1.75,7.945000171661377,1
-1.4642099142074585,9.369029998779297,-1.5311999320983887,-9.835000038146973,-1.5487500429153442,8.198750495910645,1
-1.5311999320983887,9.321179389953613,-1.5120599269866943,-9.913749694824219,-1.277500033378601,8.364999771118164,1
-1.5886199474334717,9.349889755249023,-1.4737799167633057,-9.80875015258789,-1.0412499904632568,8.601249694824219,1
-1.607759952545166,9.378600120544434,-1.5024899244308472,-9.607500076293945,-0.8050000071525574,8.767499923706055,1
-1.5886199474334717,9.38817024230957,-1.4642099142074585,-9.318750381469727,-0.5337499976158142,8.925000190734863,1
-1.5981899499893188,9.4264497756958,-1.4642099142074585,-8.881250381469727,-0.21875,9.038749694824219,1
